index,original,translated,linguistic_convention_annotation
2,"To me, this is a pretty big assumption because it is only creating the viewport using a Direct3D object, not a Direct3D3 object.","לדעתי, זו הנחה גדולה למדי מכיוון שהיא יוצרת את אזור התצוגה באמצעות אובייקט Direct3D בלבד, לא אובייקט Direct3D3.","MQM annotations:
linguistic conventions errors:
minor: spelling/spelling - ""Direct3D3"" should be ""Direct3D 3""."
3,"Now, I get that in practice, IDirectXObject2 is typically a proper superset of IDirectXObject, with no changed function signatures, and new methods only added to the end.","עכשיו, אני מבין שבפועל, IDirectXObject2 הוא בדרך כלל קבוצה עילית ממשית של IDirectXObject, בלי שינויים בחתימות הפונקציות, ורק שיטות חדשות נוספות בסוף.","```
MQM annotations:
linguistic conventions errors:
minor: punctuation/omission - Missing period at the end of the sentence.
```"
6,"Suppose for the sake of argument that science at least in part consists of lists of objectively factual statements about the world, true apart from any theory they might support.","נניח לצורך הדיון שמדע, לפחות בחלקו, מורכב מרשימות של הצהרות עובדתיות אובייקטיביות על העולם, נכונות ללא קשר לכל תיאוריה שהן עשויות לתמוך בה.","```
MQM annotations:
linguistic conventions errors:
minor: punctuation/omission - Missing a period at the end of the sentence.
```"
9,"The experiments don't create the facts on this reading, but the choice of which experiments to conduct controls which facts are discovered.","ניסויים לא יוצרים את העובדות לפי קריאה זו, אבל הבחירה אילו ניסויים לערוך שולטת באילו עובדות יתגלו.","```
MQM annotations:
linguistic conventions errors:
minor: punctuation/omission - Missing punctuation at the end of the sentence.
```"
10,"Some facts, e.g. about subatomic particles, can only result from experiments that are themselves only possible in capitalism because they require too much resources, too much organization, too much coercion, to pull off otherwise.","ישנן עובדות מסוימות, למשל בנוגע לחלקיקים תת-אטומיים, שיכולות לנבוע רק מניסויים שאפשריים רק בקפיטליזם משום שהם דורשים יותר מדי משאבים, יותר מדי ארגון, יותר מדי כפייה, כדי להוציאם לפועל אחרת.","MQM annotations:
linguistic conventions errors:
minor: punctuation/omission - Missing a comma after ""למשל"" (for example).
```"
11,This is a very brief sketch of a plausible argument that theories of capitalism influencing the actual content of science are consistent with theories asserting the existence of objective scientific facts.,"זהו תרשים תמציתי מאוד של טיעון סביר, לפיו תיאוריות על השפעת הקפיטליזם על התוכן הממשי של המדע עולות בקנה אחד עם תיאוריות המצביעות על קיומן של עובדות מדעיות אובייקטיביות.","```
MQM annotations:
linguistic conventions errors:
minor: punctuation/omission - Missing a period at the end of the sentence.
```"
13,Going to be my first project car.,אמור להיות רכב הפרויקט הראשון שלי.,"MQM annotations:
linguistic conventions errors:
minor: punctuation/omission - Missing period at the end of the sentence."
14,Picking this up this weekend.,אוסף את זה בסוף השבוע.,"MQM annotations:
linguistic conventions errors:
minor: whitespace/omission - Missing whitespace between ""אוסף"" and ""את""."
16,Already on coil overs and lowered ride height.,כבר עם קוילאוברים והנמכת גובה נסיעה.,"```
MQM annotations:
linguistic conventions errors:
minor: no-error - No linguistic convention errors found.
```"
20,#Venting into the Fediverse time.,פורק עול ברשת החברתית הפדרטיבית.,"```
MQM annotations:
linguistic conventions errors:
minor: punctuation/omission - Missing a period at the end of the sentence.
```"
21,The Domestic Partner and I went to the liquor store tonight for some beers and a bottle of bub.,אני ובן/בת זוגי (ה)ידוע/ה בציבור הלכנו הערב לחנות המשקאות לקנות כמה בירות ובקבוק של יין מבעבע.,"MQM annotations:
linguistic conventions errors:
minor: punctuation/omission - Missing parentheses around the definite article. Should be ""(ה)ידוע/ה"".
minor: whitespace/omission - Missing whitespace after the word ""ובקבוק"". It should be ""ובקבוק של""."
22,"When we went to check out, the cashier is a fairly obvious #trans woman.","כשניגשנו לקופה, הקופאית הייתה אישה טרנסית די ברורה.","```
MQM annotations:
linguistic conventions errors:
minor: whitespace/omission - Missing space between ""אישה"" and ""טרנסית"". Should be ""אישה טרנסית"".
```"
27,And I said her nails looked cool.,ואמרתי שהציפורניים שלה נראות מגניבות.,"MQM annotations:
linguistic conventions errors:
minor: punctuation/omission - Missing period at the end of the sentence."
28,The smile of relief on her face was a great feeling but the fact that she was scared first FUCKING SUCKS AND I HATE IT.,"החיוך המוקל על פניה היה הרגשה נהדרת, אבל העובדה שהיא פחדה קודם זה חרא ואני שונא את זה.","MQM annotations:
linguistic conventions errors:
minor: spelling/spelling - ""מוקל"" should be ""הקלה""
minor: grammar/grammar - ""הרגשה נהדרת"" should be ""הרגשה נהדרת.""
minor: punctuation/punctuation - missing period at the end of the sentence.
minor: punctuation/punctuation - The translation of ""FUCKING SUCKS AND I HATE IT."" to ""זה חרא ואני שונא את זה"" could benefit from stronger punctuation to match the intensity of the source text. Adding an exclamation point at the end could convey the stronger emotion: ""זה חרא ואני שונא את זה!"""
33,It takes the state's governor.,זה לוקח את מושל המדינה.,"```
MQM annotations:
linguistic conventions errors:
minor: whitespace/omission - Missing whitespace between the word ""את"" and ""מושל"". Should be ""את מושל"".
```"
38,"In this work, based on a variant of the classical Lewis (1969) signaling model, we explore the conditions for the emergence of context-dependent communication in a situated scenario.","בעבודה זו, המבוססת על וריאציה של מודל האיתות הקלאסי של לואיס (1969), אנו בוחנים את התנאים להתהוות של תקשורת תלוית הקשר בתרחיש סיטואציוני.","MQM annotations:
linguistic conventions errors:
critical: no-error
major: no-error
minor: no-error"
40,"At the same time, we study the environmental conditions and cognitive capabilities that enable contextual disambiguation of symbol meanings.","במקביל, אנו חוקרים את התנאים הסביבתיים והיכולות הקוגניטיביות המאפשרים הסרת דו-משמעות הקשרית של משמעויות סמלים.","```
MQM annotations:
linguistic conventions errors:
minor: punctuation/omission - Missing a period at the end of the sentence.
```"
41,"We show that environmental constraints on the receiver's referent choice can be unilaterally exploited by the sender, without disambiguation capabilities on the receiver's end.","אנו מראים שאילוצים סביבתיים על בחירת הייחוס של המקבל ניתנים לניצול חד-צדדי על ידי השולח, ללא יכולות הסרת עמימות מצד המקבל.","```
MQM annotations:
linguistic conventions errors:
minor: punctuation/omission - Missing period at the end of the sentence.
```"
46,"Ashanti Development has been working with an ever-expanding number of communities in the Ashanti region of Ghana for approaching 20 years, engaging with communities and providing support with water and sanitation, education, healthcare, tree planting and farming.","אשנטי פיתוח עובדת עם מספר הולך וגדל של קהילות באזור אשנטי שבגאנה כבר כמעט 20 שנה, משתפת פעולה עם הקהילות ומספקת תמיכה במים ותברואה, חינוך, בריאות, נטיעת עצים וחקלאות.","MQM annotations:
linguistic conventions errors:
minor: punctuation/omission - Missing period at the end of the sentence.
```"
47,Communities gain the knowledge to embed and support their own development.,קהילות רוכשות את הידע להטמיע ולתמוך בפיתוח שלהן.,"```
MQM annotations:
linguistic conventions errors:
minor: whitespace/omission - Missing whitespace between ""להטמיע"" and ""ולתמוך"".
```"
52,Photos from my visit to Ghana in 2011.,תמונות מהביקור שלי בגאנה בשנת 2011.,"```
MQM annotations:
linguistic conventions errors:
minor: no-error
```"
55,They won't allow me to tell them the address it's going to and who is shipping it.,הם לא יאפשרו לי להגיד להם לאיזו כתובת זה הולך ומי שולח את זה.,"MQM annotations:
linguistic conventions errors:
minor: punctuation/omission - Missing a period at the end of the sentence.
```"
58,The next morning and I can't get past Chris Licht's disgraceful pretense of public service journalism on CNN last night.,למחרת בבוקר ואני לא מצליח להתגבר על ההעמדה המבישה של כריס ליכט כאילו הוא עוסק בעיתונות שירות לציבור בערוץ CNN אמש.,"```
MQM annotations:
linguistic conventions errors:
minor: punctuation/omission - Missing punctuation at the end of the sentence.
```"
59,"It was an outrage, like a symbolic Jan 6 anti-democratic festivus of lies & grievance, self-destructively hosted by American media.","זו הייתה שערורייה, כמו פסטיבל שקרי ותלונות אנטי-דמוקרטי סמלי בסגנון ה-6 בינואר, שאירחה התקשורת האמריקאית באופן הרסני.","MQM annotations:
linguistic conventions errors:
minor: punctuation/omission - Missing a period at the end of the sentence."
60,THE SHAMEFUL AUDIENCE.,הקהל המבייש,"MQM annotations:
linguistic conventions errors:
minor: capitalization - The word ""הקהל"" should not be capitalized as it is not the beginning of a sentence or a proper noun."
61,Licht AGREED to an all Republican audience!,ליכט הסכים לקהל רפובליקני בלבד!,"MQM annotations:
linguistic conventions errors:
minor: punctuation/omission - Missing the final exclamation mark."
63,There's a story to be reported there.,יש שם סיפור לדווח עליו.,"```
MQM annotations:
linguistic conventions errors:
minor: whitespace/omission - Missing whitespace between ""יש"" and ""שם"".
```"
64,The ratings--seeking delusional irresponsibility of it all.,"ההתנהלות חסרת האחריות וההזויה הזו, שמטרתה היא השגת רייטינג.","MQM annotations:
linguistic conventions errors:
minor: punctuation/omission - Missing punctuation at the end of the sentence."
66,"I have a very drafty basement, which essentially means I can get a lot of rodents taking refuge.","יש לי מרתף מאוד דולף, מה שבעצם אומר שהרבה מכרסמים יכולים למצוא בו מחסה.","MQM annotations:
linguistic conventions errors:
minor: spelling/spelling - ""דולף"" should be ""דליף"" (leaky instead of drafty)."
69,"I finally got fed up with this routine last night, cleaned all the traps of peanut butter, and superglued a pistachio to them.","סוף סוף נמאס לי מהשגרה הזאת אתמול בלילה, ניקיתי את כל המלכודות מחמאת בוטנים, והדבקתי פיסטוק בסופרגלו לכולן.","```
MQM annotations:
linguistic conventions errors:
minor: punctuation/omission - Missing a period at the end of the sentence.
```"
76,But they also cut grants and tax credits that encourage more business activity.,אבל הם גם קיצצו מענקים והקלות מס המעודדים פעילות עסקית נוספת.,"MQM annotations:
linguistic conventions errors:
minor: whitespace/omission - Missing whitespace between ""מס"" and ""המעודדים"". It should be ""מס המעודדים"".
```"
77,"I own a business. It's successful in spite of the provincial government, not because of it.","אני בעל עסק. הוא מצליח למרות הממשלה המחוזית, לא בגללה.","```
MQM annotations:
linguistic conventions errors:
minor: agreement/gender - The pronoun ""הוא"" (he/it) refers to ""עסק"" (business), which is masculine, so the agreement is correct. However, a more natural phrasing might be to avoid the pronoun and simply repeat ""העסק"" (the business) or rephrase the sentence for better flow. This isn't technically incorrect, but stylistically could be improved.

```"
81,"This is true even now that goatse.cx is gone, though it would be a close race to the bottom between goatse and, say, khou.com, where I tried to watch a video the Wendy sent me.","זה נכון גם עכשיו כש goatse.cx איננו, אם כי זה היה מרוץ צמוד לתחתית בין goatse לבין, נניח, khou.com, שם ניסיתי לראות סרטון שוונדי שלחה לי.","```
MQM annotations:
linguistic conventions errors:
minor: punctuation/omission - Missing period at the end of the sentence.
```"
94,Get some bumper stickers that are anti-Trump and plaster them all over.,השג כמה מדבקות פגוש נגד טראמפ והדבק אותן בכל מקום.,"```
MQM annotations:
linguistic conventions errors:
minor: punctuation/omission - Missing period at the end of the sentence.
```"
95,Yell back at those who would try to talk over us.,צעקו בחזרה על אלה שמנסים להשתיק אותנו.,"MQM annotations:
linguistic conventions errors:
minor: punctuation/omission - Missing period at the end of the sentence."
101,It is not socially acceptable to go out in public or rush up to people when you are coughing up a mucus storm.,לא מקובל חברתית לצאת למקומות ציבוריים או לרוץ לאנשים כשאתה משתעל שיעול שמלווה בהמון ליחה.,"MQM annotations:
linguistic conventions errors:
minor: whitespace/omission - Missing whitespace between ""בהמון"" and ""ליחה"". It should be ""בהמון ליחה""."
102,I repeat. It is not socially acceptable to spread your covid mucus storm everywhere!!!,אני חוזר. זה לא מקובל חברתית לפזר את סערת הליחה שלך מקורונה בכל מקום!!!,"MQM annotations:
linguistic conventions errors:
minor: punctuation/omission - Missing period at the end of the sentence."
106,Mio knows that sorrow is life's constant companion.,מיו יודעת שהצער הוא בן לוויה קבוע של החיים.,"```
MQM annotations:
linguistic conventions errors:
minor: capitalization/incorrect - The word ""מיו"" should be capitalized since it's a proper noun.
```"
107,"After 4,000 of distress Yl finds herself in a place of love and is having huge feels she doesn't know what to do with so there's a lot of both.","אחרי 4,000 של מצוקה, י""ל מוצאת את עצמה במקום של אהבה ויש לה רגשות עצומים שהיא לא יודעת מה לעשות איתם אז יש הרבה משניהם.","MQM annotations:
linguistic conventions errors:
minor: punctuation/omission - Missing punctuation at the end of the sentence.
```"
109,Yesterday's fiasco with #MangoMoron was an outrageous fiasco.,הפיאסקו של אתמול עם ‎#MangoMoron היה פיאסקו שערורייתי.,"MQM annotations:
linguistic conventions errors:
minor: punctuation/whitespace - There should be a space before and after the hashtag.
minor: punctuation/whitespace - There should be a space before and after the hashtag.
```"
111,"Which cable news ""executive"" made the call to give the fat, lying criminal this much air-time?","איזה ""בכיר"" ברשת חדשות בכבלים קיבל את ההחלטה לתת לפושע השמן והשקרן הזה כל כך הרבה זמן אוויר?","MQM annotations:
linguistic conventions errors:
minor: punctuation/omission - Missing quotation marks around בכיר."
116,"As the car changes, so does Arnie, whose newfound confidence turns to arrogance behind the wheel of his exotic beauty.","ככל שהמכונית משתנה, כך גם ארני, שביטחונו החדש הופך ליהירות מאחורי ההגה של היופי האקזוטי שלו.","MQM annotations:
linguistic conventions errors:
minor: punctuation/omission - Missing period at the end of the sentence.
```"
118,Codleo is one of the best Salesforce Partner offering best Salesforce services tailored to your company needs.,קודליאו היא אחת משותפות Salesforce הטובות ביותר המציעה שירותי Salesforce מותאמים לצרכי החברה שלכם.,"```
MQM annotations:
linguistic conventions errors:
minor: punctuation/omission - Missing period at the end of the sentence.
```"
123,One of the craziest parts about my neighbors turning against me is thinking about how much effort it takes to be hostile.,אחד הדברים הכי משוגעים בזה שהשכנים שלי התהפכו נגדי זה לחשוב כמה מאמץ צריך כדי להיות עוין.,"MQM annotations:
linguistic conventions errors:
minor: punctuation/omission - Missing period at the end of the sentence."
124,"Forget me, fine.","שכח ממני, בסדר.","```
MQM annotations:
linguistic conventions errors:
minor: punctuation/omission - Missing period at the end of the sentence.
```"
125,"Ignore me, fine.","תתעלם ממני, בסדר.","```
MQM annotations:
linguistic conventions errors:
minor: punctuation/omission - Missing the question mark at the end of the sentence.
```"
129,Slamming a door in my face takes effort.,לטרוק לי דלת בפנים דורש מאמץ.,"```
MQM annotations:
linguistic conventions errors:
minor: punctuation/omission - Missing a period at the end of the sentence.
```"
133,That vessel is off-limits.,הכלי הזה אסור בכניסה.,"MQM annotations:
linguistic conventions errors:
minor: grammar/word_order - The phrase ""אסור בכניסה"" (asur b'knisa) which literally translates to ""forbidden in entry"" or ""forbidden with entry"" is grammatically correct but sounds slightly unnatural. A more natural phrasing would be ""הכניסה אסורה"" (ha-knisa asura) - ""entry is forbidden"" or ""אין כניסה"" (ein knisa) - ""no entry""."
137,But another individual often flies aboard that ship.,אבל לעתים קרובות אדם אחר טס על סיפון האונייה הזו.,"MQM annotations:
linguistic conventions errors:
minor: whitespace/omission - Missing whitespace between ""אדם"" and ""אחר"". Should be ""אדם אחר""."
138,If he were to die... the consequences would be... significant.,אילו היה מת... ההשלכות היו... משמעותיות.,"```
MQM annotations:
linguistic conventions errors:
minor: punctuation/omission - Missing ellipsis at the end of the sentence.
```"
140,Here is a (slightly longer than) toot-length crash course in what I mean by dad-ification:,"הנה קורס מזורז (קצת יותר מאורך ציוץ) במה שאני מתכוון ב""אִבְחוּת"":","MQM annotations:
linguistic conventions errors:
minor: punctuation/omission - Missing quotation marks around ""אִבְחוּת"" to match the source's dad-ification."
142,The Last of Us is an easy and canonical example of dad-ification.,"המשחק ""האחרון מבינינו"" הוא דוגמה קלה וקנונית ל""אבהות"".","```
MQM annotations:
linguistic conventions errors:
minor: spelling/spelling - ""אבהות"" should be ""דאדיפיקציה"" to reflect the transliteration of ""dad-ification"".

```"
145,"Dad-ification erodes the possibility for communal solutions, and often wholly ignores, or undercuts any agency the child has.","אבהות-יזציה שוחקת את האפשרות לפתרונות קהילתיים, ולעתים קרובות מתעלמת לחלוטין מ, או מחלישה כל סוכנות שיש לילד.","MQM annotations:
linguistic conventions errors:
minor: punctuation/omission - Missing a space after the comma following ""מ"". It should be ""מ, או""."
146,"In this way, Dad-ification is a stand in for a lot of neoliberal ideals; especially ideas like bootstrapping and self-sufficiency as being an ultimate goal/indicator for success.","במובן הזה, התאבכות (Dad-ification) היא תחליף לאידיאלים ניאו-ליברליים רבים; במיוחד רעיונות כמו בנייה עצמית והסתמכות עצמית כשהם מהווים מטרה אולטימטיבית/מדד להצלחה.","MQM annotations:
linguistic conventions errors:
minor: spelling/spelling - ""התאבכות"" should be ""התאבה""."
148,- We send out notifications when airfare goes on sale.,אנחנו שולחים התראות כשמחירי הטיסות יורדים.,"```
MQM annotations:
linguistic conventions errors:
minor: grammar/tense - The use of the present tense ""יורדים"" (yordim) instead of a future tense to align with ""goes on sale"" could be considered slightly less precise, although common in Hebrew. A more precise translation might use a future tense construction like ""ירדו"" (yirdu) or ""כשמחירי הטיסות יתחילו להיות במבצע""
```"
150,"- We don't sell tickets, or charge a subscription.","אנחנו לא מוכרים כרטיסים, או גובים דמי מנוי.","```
MQM annotations:
linguistic conventions errors:
minor: punctuation/omission - Missing period at the end of the sentence.
```"
154,"Yet, unimaginable fear, terror and displacement have left them with the invisible scar of trauma.","עם זאת, פחד, אימה ועקירה בלתי נתפסים הותירו בהם את הצלקת הבלתי נראית של טראומה.","```
MQM annotations:
linguistic conventions errors:
minor: punctuation/omission - Missing period at the end of the sentence.
```"
159,Over time dart became my go-to for quick UI.,עם הזמן Dart הפכה לבחירה המועדפת שלי עבור ממשקי משתמש מהירים.,"```
MQM annotations:
linguistic conventions errors:
minor: spelling/diacritics - Missing diacritic on the word ""הפכה"" (should be הפכהּ).

```"
160,"#flutter is a pleasure to work with, and they have #mobx for easy store management.","#flutter היא תענוג לעבוד איתה, ויש להם #mobx לניהול חנות קל.","```
MQM annotations:
linguistic conventions errors:
minor: grammar/agreement - The pronoun ""אותה"" (it/her) refers to Flutter. However, Flutter is typically treated as a masculine noun in Hebrew (even though the word itself doesn't inherently have a gender), so the pronoun should be ""איתו"" (with him).

```"
161,"The dependency story is less insane than nodejs, too.","סיפור התלויות פחות מטורף מזה של nodejs, גם.","```
MQM annotations:
linguistic conventions errors:
minor: punctuation/omission - Missing a period at the end of the sentence.
```"
162,"Of course flutter sucks really bad when it comes to behaving like a good native app would (anywhere, really. Even flutter web target sucks).","בטח, פלאטר גרוע מאוד בכל הנוגע להתנהגות כמו אפליקציה נייטיבית טובה (בכל מקום, באמת. אפילו יעד הפלאטר ווב גרוע).","```
MQM annotations:
linguistic conventions errors:
minor: punctuation/omission - Missing a period at the end of the sentence.
```"
182,Because it happens in the mind and seems less tangible than physical health.,מכיוון שזה קורה במוח ונראה פחות מוחשי מאשר בריאות גופנית.,"MQM annotations:
linguistic conventions errors:
minor: punctuation/omission - Missing a period at the end of the sentence."
185,"In the same way that mental health is seen as less ""real"" than physical health by many, I kind of feel that being trans is merely intersex of the mind.","באותו אופן שבו בריאות נפשית נתפסת כ""פחות אמיתית"" מבריאות פיזית בעיני רבים, אני מרגיש/ה במידה מסוימת שהיותי טרנס/ית היא פשוט אינטרסקס של המוח.","MQM annotations:
linguistic conventions errors:
minor: punctuation/omission - Missing quotation mark after אמיתית.
minor: grammar/agreement - ""מרגיש/ה"" should agree with the subject, which is ambiguous. It is better to use a single form (either masculine or feminine) or rephrase. While grammatically correct to include both, it is stylistically awkward and potentially confusing."
188,"I feel that to be trans is to be ""biologically non-binary"".","אני מרגיש שלהיות טרנס זה להיות ""בינארי לא ביולוגי"".","MQM annotations:
linguistic conventions errors:
major: grammar/incorrect part of speech - ""בינארי"" (binary) is used as an adjective modifying ""לא ביולוגי"" (not biological), which doesn't make grammatical sense. It should be ""לא בינארי"" (non-binary) to align with the intended meaning. The phrase should have been ""לא בינארי ביולוגית"" to be more accurate."
198,"(And also: The Web is now largely a Google thing, unfortunately)","וגם: האינטרנט הוא עכשיו במידה רבה דבר של גוגל, לצערי.","```
MQM annotations:
linguistic conventions errors:
minor: punctuation/omission - Missing period at the end of the sentence.
```"
199,Also please refrain from telling me that google/flutter apps suck on iOS and macOS.,"כמו כן, אנא הימנע מלומר לי שאפליקציות גוגל/פלטר גרועות ב-iOS וב-macOS, פשוט ספק את התרגום בלי טקסט נוסף.","```
MQM annotations:
linguistic conventions errors:
minor: punctuation/omission - Missing period at the end of the sentence.
```"
200,Cross platform is hard if you want to do it well.,קרוס פלטפורמה זה קשה אם אתה רוצה לעשות את זה כמו שצריך.,"```
MQM annotations:
linguistic conventions errors:
minor: punctuation/whitespace - There should not be a space before the period at the end of the sentence.
```"
202,Thank you to those people who have downloaded the latest update to Leasey.,תודה לאנשים שהורידו את העדכון האחרון ל-Leasey.,"```
MQM annotations:
linguistic conventions errors:
minor: punctuation/omission - Missing period at the end of the sentence.
```"
203,A few very small difficulties have come to light.,צצו כמה קשיים קטנים מאוד.,"MQM annotations:
linguistic conventions errors:
minor: punctuation/whitespace - There should be a space after ""צצו""."
209,I don't know exactly know why my brain can't figure it out; it might be that the tools are just so broad and vague that my brain just hardlocks due to 'too many options'.,אני לא בדיוק יודע/ת למה המוח שלי לא מצליח להבין את זה; ייתכן שהכלים פשוט כל כך רחבים ומעורפלים שהמוח שלי פשוט נתקע בגלל 'יותר מדי אפשרויות'.,"```
MQM annotations:
linguistic conventions errors:
minor: punctuation/omission - Missing a period at the end of the translated sentence.
```"
211,Grafana looks pretty.,גרפנה נראית יפה.,"```
MQM annotations:
linguistic conventions errors:
minor: punctuation/whitespace - Missing period at the end of the sentence.
```"
218,...And that's how I found myself having to sort out a raid group roster.,וככה מצאתי את עצמי צריך לסדר את רשימת הקבוצה לפשיטה.,"```
MQM annotations:
linguistic conventions errors:
minor: punctuation/omission - Missing period at the end of the sentence.
```"
220,"Then, life crushed my soul and I lost all my passion for fiction and great storytelling.","אז, החיים ריסקו את נשמתי ואיבדתי את כל התשוקה שלי לספרות בדיונית ולסיפורים גדולים.","```
MQM annotations:
linguistic conventions errors:
minor: punctuation/omission - Missing comma after ""אז"" (Then).
```"
222,I'm now on book # 31 and it's only May.,אני עכשיו בספר מספר 31 וזה רק מאי.,"```
MQM annotations:
linguistic conventions errors:
minor: whitespace/omission - Missing whitespace between ""מספר"" and ""31"".
```"
224,I haven't really achieved anything.,לא ממש השגתי משהו.,"```
MQM annotations:
linguistic conventions errors:
minor: no-error - No linguistic convention errors found.
```"
230,Let them rehabilitate the hollowed out and decaying cities across the country. Again.,שישקמו את הערים הריקות והמתפוררות ברחבי הארץ. שוב.,"```
MQM annotations:
linguistic conventions errors:
minor: punctuation/omission - Missing period at the end of the sentence.
```"
233,Deport the white supremacists.,לגרש את תומכי עליונות לבנה.,"```
MQM annotations:
linguistic conventions errors:
minor: punctuation/omission - Missing period at the end of the sentence.
```"
234,"I am so tired of the headlines claiming that ""Remote work is dead."" or that ""Remote work was a failed experiment.""","נמאס לי כל כך מהכותרות שטוענות ש""עבודה מרחוק מתה."" או ש""עבודה מרחוק הייתה ניסוי כושל.""","MQM annotations:
linguistic conventions errors:
minor: punctuation/missing - Missing period at the end of the sentence."
236,It's all clickbait but it does worry me about the executives and managers who read these articles.,"הכל קליקבייט, אבל זה כן מטריד אותי לגבי המנהלים והבכירים שקוראים את המאמרים האלה.","```
MQM annotations:
linguistic conventions errors:
minor: punctuation/omission - Missing a period at the end of the sentence.
```"
242,It enables people to avoid lengthy commutes that take time away from their day and their families.,זה מאפשר לאנשים להימנע מנסיעות ארוכות לעבודה שלוקחות זמן מהיום שלהם וממשפחותיהם.,"MQM annotations:
linguistic conventions errors:
minor: punctuation/omission - Missing period at the end of the sentence."
243,To just ignore these facts is wrong.,להתעלם מהעובדות האלה זה פשוט לא בסדר.,"MQM annotations:
linguistic conventions errors:
minor: whitespace/omission - Missing whitespace between ""לא"" and ""בסדר"". It should be ""לא בסדר""."
248,"Parker referred to abortion, and modern urban women's impulse to delay having children for their careers' sake.","פארקר התייחס להפלות, ולדחף של נשים עירוניות מודרניות לדחות את הבאת ילדים לעולם למען הקריירה שלהן.","```
MQM annotations:
linguistic conventions errors:
minor: punctuation/omission - Missing a period at the end of the sentence.
```"
249,He also argues that NDP and progressives want to depopulate society for the sake of the environment.,הוא גם טוען שה-NDP והמתקדמים רוצים לדלל את אוכלוסיית החברה למען הסביבה.,"MQM annotations:
linguistic conventions errors:
minor: punctuation/omission - Missing hyphen in ""ה-NDP"" (should be ה-NDP-)."
252,Whenever May would pop up I dreaded trying to celebrate my bday.,"בכל פעם שמאי הייתה צצה, חששתי לנסות לחגוג את יום ההולדת שלי.","MQM annotations:
linguistic conventions errors:
minor: punctuation/omission - Missing period at the end of the sentence."
254,I fought over the years to get out of that mindset and to have better bdays.,נלחמתי במשך השנים כדי לצאת מהמנטליות הזו וכדי שיהיו לי ימי הולדת טובים יותר.,"MQM annotations:
linguistic conventions errors:
critical: no-error
major: no-error
minor: no-error"
265,Does you know of a performant way for a web component to respond to being added/removed from a document?,האם אתה מכיר דרך בעלת ביצועים טובים עבור קומפוננטת רשת להגיב להוספה/הסרה ממסמך?,"MQM annotations:
linguistic conventions errors:
minor: spelling/spelling - ""קומפוננטת"" should be ""קומפוננטת"" (missing vowelization).
minor: whitespace/omission - There should be a space between ""הוספה/הסרה"" and ""ממסמך""."
268,We currently use a MutationObserver hack.,אנחנו משתמשים כרגע בטריק MutationObserver.,"```
MQM annotations:
linguistic conventions errors:
minor: punctuation/omission - Missing period at the end of the sentence.
```"
285,Last week got a ton done and feeling much better about field items.,שבוע שעבר הספקתי המון ומרגיש הרבה יותר טוב לגבי פריטי שדה.,"```
MQM annotations:
linguistic conventions errors:
minor: spelling/omission - Missing vowel point (niqqud) on the word ""הספקתי"" (hespakti). While generally omitted in modern Hebrew, its absence can be considered a minor spelling issue.
```"
289,"Also need to seed a salad row there to integrate cut greens in both have trained crew on irrigation, bed prep, and transplanting which is 90% of non-harvest skill items","וגם צריך לזרוע שורת סלט שם כדי לשלב ירקות חתוכים. בשתיהן צוות מאומן על השקיה, הכנת ערוגות והשתלה, שזה 90% מפריטי המיומנות שאינם קציר.","MQM annotations:
linguistic conventions errors:
minor: punctuation/omission - Missing period at the end of the sentence.
```"
290,It's 2023 and I still see people with iPhones actively avoid using Apple Maps.,זו 2023 ואני עדיין רואה אנשים עם אייפונים שנמנעים באופן פעיל מלהשתמש במפות של אפל.,"MQM annotations:
no-error: None"
293,"Curious, I kept an open mind to compare how Google Maps and Apple Maps compare, on my test iPhone device (my daily driver is an Android device, so it's rare that I use an iPhone).","מתוך סקרנות, שמרתי על ראש פתוח כדי להשוות בין Google Maps ל-Apple Maps, במכשיר האייפון הניסיוני שלי (מכשיר האנדרואיד שלי הוא השימושי היומיומי, אז זה נדיר שאני משתמש באייפון).","MQM annotations:
linguistic conventions errors:
minor: punctuation/omission - Missing period at the end of the sentence."
294,The experience having to follow directions was far superior on Apple Maps compared to Google Maps.,החוויה של מעקב אחר הנחיות הייתה טובה בהרבה במפות אפל בהשוואה למפות גוגל.,"MQM annotations:
linguistic conventions errors:
minor: punctuation/omission - Missing punctuation at the end of the sentence."
298,Could it be that Google Maps got to market first?,הייתכן שגוגל מפות הגיעו לשוק קודם?,"```
MQM annotations:
linguistic conventions errors:
minor: punctuation/omission - Missing question mark at the end of the sentence.
```"
303,"I'm biased in favour of not releasing garbage to end users, and Apple royally fucked up with their Apple Maps when it came out in 2012.","אני משוחד לטובת לא לשחרר זבל למשתמשי קצה, ואפל דפקה בגדול עם אפל מפות שלהם כשהוא יצא ב-2012.","MQM annotations:
linguistic conventions errors:
minor: agreement/number - The pronoun ""הוא"" (he/it) does not agree in number with ""אפל מפות שלהם"" (their Apple Maps), which is plural. It should be ""הן"" (they/them).
minor: punctuation/omission - Missing a period at the end of the sentence."
305,But it's the land that makes it a good storer of wealth for as long as you think the government isn't going to change the system we live in.,אבל זו האדמה שהופכת אותה למקום טוב לאגור בו עושר כל עוד אתה חושב שהממשלה לא תשנה את השיטה שאנחנו חיים בה.,"```
MQM annotations:
linguistic conventions errors:
minor: punctuation/omission - Missing a period at the end of the sentence.
```"
307,A lot of ppl think that they literally own the earth when they buy a piece.,הרבה אנשים חושבים שהם ממש בעלים של כדור הארץ כשהם קונים חתיכה.,"```
MQM annotations:
linguistic conventions errors:
minor: spelling/spelling - ""בעלים"" should be ""בעלים"". (The current spelling is technically correct but less common/preferred)
```"
312,The land is temporary.,האדמה זמנית.,"```
MQM annotations:
linguistic conventions errors:
minor: no-error - None
```"
314,The land is very easily and quickly taken away by the government one day if they want to do that.,הממשלה יכולה לקחת את הקרקע בקלות ובמהירות רבה מתי שהיא רוצה.,"MQM annotations:
linguistic conventions errors:
minor: whitespace/omission - Missing whitespace between ""רבה"" and ""מתי"". It should be ""רבה מתי"".
```"
317,It has to be taken away one day.,זה חייב להילקח יום אחד.,"```
MQM annotations:
linguistic conventions errors:
minor: whitespace/omission - Missing whitespace between the words ""להילקח"" and ""יום"".
```"
318,That's why the Chinese only allow leases.,לכן הסינים מרשים רק חכירות.,"MQM annotations:
linguistic conventions errors:
minor: punctuation/omission - Missing period at the end of the sentence."
319,They already ran out of land.,נגמרה להם כבר הקרקע.,"MQM annotations:
linguistic conventions errors:
minor: word order - The word ""כבר"" (already) is placed in a slightly less natural position in the Hebrew sentence compared to its implied meaning in the English sentence. While grammatically correct, it sounds slightly awkward. The more natural order would be ""הקרקע כבר נגמרה להם""."
320,"To success, the realization of dreams, friendship, to the simple but true!!","להצלחה, הגשמת חלומות, ידידות, לפשוט אך אמיתי!!","MQM annotations:
linguistic conventions errors:
minor: punctuation/omission - Missing comma after ""להצלחה"".
minor: punctuation/omission - Missing comma after ""ידידות"".
minor: punctuation/omission - Missing final punctuation mark (period, exclamation mark, etc.)."
321,"To all the investors out there, I raise a toast to your success and the realization of your dreams.","לכל המשקיעים שם בחוץ, אני מרים כוסית לחיי ההצלחה שלכם ולמימוש החלומות שלכם.","MQM annotations:
linguistic conventions errors:
minor: punctuation/omission - Missing period at the end of the sentence."
323,"And to all my friends, new and old, let us cherish the simple but true things in life that bring us joy and fulfillment.","ולכל חבריי, החדשים והוותיקים, בואו נעריך את הדברים הפשוטים אך האמיתיים בחיים שמביאים לנו שמחה וסיפוק.","```
MQM annotations:
linguistic conventions errors:
minor: punctuation/omission - Missing comma after ""ולכל חבריי"".
```"
325,I often wonder at the human capacity to be *so* down on oneself while inundated by so much evidence of what actual cruelty looks like.,"אני תוהה לעתים קרובות על היכולת האנושית להיות *כל כך* ביקורתי כלפי עצמה, כשלמעשה מוצגת בפניה כל כך הרבה עדות למה שאכזריות אמיתית נראית.","```
MQM annotations:
linguistic conventions errors:
minor: punctuation/omission - Missing punctuation mark at the end of the sentence.
```"
328,But gentling despair at our messiness is crucial - because it gives us more space to tackle the ruins all around.,אבל ריכוך הייאוש מאי הסדר שלנו הוא חיוני - משום שהוא נותן לנו יותר מרחב להתמודד עם ההריסות מסביב.,"MQM annotations:
linguistic conventions errors:
minor: punctuation/omission - Missing period at the end of the sentence."
331,"Some programmers: ""Typing speed does not matter!""","אחדים מהמתכנתים: ""מהירות הקלדה לא משנה!""","```
MQM annotations:
linguistic conventions errors:
minor: punctuation/omission - Missing quotation mark at the beginning of the translated sentence.
```"
339,It is definitely more romance than filth.,זה בהחלט יותר רומנטיקה מלכלוך.,"```
MQM annotations:
linguistic conventions errors:
minor: punctuation/omission - Missing period at the end of the sentence.
```"
342,I don't agree that #Mastodon is difficult to setup.,אני לא מסכים ש#Mastodon קשה להגדרה.,"```
MQM annotations:
linguistic conventions errors:
minor: punctuation/omission - Missing period at the end of the sentence.
```"
343,"Common, it's really not that hard.","נו, זה באמת לא כזה קשה.","```
MQM annotations:
linguistic conventions errors:
minor: punctuation/omission - Missing a period at the end of the sentence.
```"
347,If you stick to the default web interface it doesn't look and feel good (imho).,אם תדבק בממשק הווב המוגדר כברירת מחדל הוא לא נראה או מרגיש טוב (לדעתי).,"```
MQM annotations:
linguistic conventions errors:
minor: punctuation/omission - Missing period at the end of the sentence.
```"
348,"So, it requires a bit more effort to get into it and you probably need a good app to improve #UX.","אז, זה דורש קצת יותר מאמץ להיכנס לזה וכנראה שצריך אפליקציה טובה כדי לשפר את #UX.","```
MQM annotations:
linguistic conventions errors:
minor: punctuation/omission - Missing period at the end of the sentence.
```"
353,Forecasting: anticipating harms before they happen (even if by minutes),תַּחֲזִית: צִפּוּי נְזָקִים לִפְנֵי הִתְרַחֲשׁוּתָם (אֲפִילוּ בְּדַקּוֹת).,"MQM annotations:
linguistic conventions errors:
minor: punctuation/omission - Missing period at the end of the sentence."
369,I work out alone in my bedroom without a spotter or even a weight rack.,"אני מתאמן לבד בחדר השינה שלי בלי שומר ובלי מתקן משקולות, רק אני.","```
MQM annotations:
linguistic conventions errors:
minor: punctuation/addition - Added extra comma before ""רק אני"".
```"
370,Just me and a barbell with a bunch of weights.,רק אני ומוט משקולות עם הרבה משקלים.,"MQM annotations:
linguistic conventions errors:
minor: whitespace/omission - Missing whitespace between ""אני"" and ""ו"". It should be ""רק אני ו...""."
372,"If I try and figure out my one rep max is I might not own enough weights to max out, or conversely it could seriously injure/kill me.","אם אני אנסה להבין מה המשקל המקסימלי שלי להרמה בודדת, יכול להיות שאין לי מספיק משקולות כדי להגיע למקסימום, או לחילופין זה יכול לגרום לי לפציעה חמורה או אפילו מוות.","```
MQM annotations:
linguistic conventions errors:
minor: punctuation/omission - Missing a comma after ""בודדת"".
```"
379,I'd never seen anyone's mom make it or had it shoved at me at a party or seen it appear in conjunction with anyone's saucemaking escapades or baking days,"אף פעם לא ראיתי שאמא של מישהו מכינה את זה, או שדחפו לי את זה במסיבה, או שראיתי את זה מופיע בשילוב עם הרפתקאות הכנת הרטבים או ימי האפייה של מישהו.","MQM annotations:
linguistic conventions errors:
minor: punctuation/omission - Missing period at the end of the sentence."
383,"Having been radicalized here, we're reluctant to buy a new FAANG machine*.","משהתחלחנו פה, אנחנו מסרבים לקנות מכונת FAANG חדשה.

*Note: I assumed ""FAANG machine"" refers to a computer/tech product. If it has a different specific meaning, the translation might need adjustment.","MQM annotations:
linguistic conventions errors:
minor: punctuation/omission - Missing period at the end of the sentence.
```"
389,So was it Epic that originated this?,אז האם אפיק יצרה את זה במקור?,"MQM annotations:
linguistic conventions errors:
minor: punctuation/omission - Missing question mark at the end of the sentence."
394,Is it so ephemeral then?,האם זה כה חולף אם כך?,"MQM annotations:
linguistic conventions errors:
minor: punctuation/omission - Missing question mark at the end of the sentence."
395,"Merely a ""catchphrase"" with no clear originator?","רק ""סיסמה"" ללא יוצר ברור?","```
MQM annotations:
linguistic conventions errors:
minor: punctuation/omission - Missing quotation marks at the beginning of the sentence.
```"
399,Have now done a full round trip on the new ICNG train.,עכשיו עשיתי נסיעת הלוך ושוב מלאה ברכבת ICNG החדשה.,"```
MQM annotations:
linguistic conventions errors:
minor: punctuation/omission - Missing a period at the end of the sentence.
```"
402,There's areas that could use some polish.,יש מקומות שצריכים ליטוש.,"```
MQM annotations:
linguistic conventions errors:
minor: spelling/omission - Missing a punctuation mark at the end of the translated sentence. It should be ""יש מקומות שצריכים ליטוש.""
```"
403,"Namely the lack of enough bins, and the lack of signs to explain the significance of the lighting colours.","כלומר, חוסר בפחים מספיקים וחוסר בשלטים המסבירים את משמעות צבעי התאורה.","MQM annotations:
linguistic conventions errors:
minor: punctuation/omission - Missing the comma before ""וחוסר"".
```"
404,"Fix those minor issues, and then can we have more of these please?","תקן את הבעיות הקטנות האלה, ואז אפשר לקבל עוד כאלה בבקשה?","MQM annotations:
linguistic conventions errors:
minor: punctuation/omission - Missing question mark at the end of the sentence."
406,One per customer rules remain as we try to ensure everyone who queues up can get their hands on a board.,חוק של יחידה אחת ללקוח עדיין בתוקף כאשר אנו מנסים להבטיח שכל מי שממתין בתור יוכל להשיג גלשן.,"```
MQM annotations:
linguistic conventions errors:
minor: punctuation/omission - Missing a period at the end of the sentence.
```"
407,"You can buy ONE of the boards listed above, not one of each.","אפשר לקנות לוח אחד מהלוחות המפורטים למעלה, לא אחד מכל סוג.","```
MQM annotations:
Accuracy Errors
Minor: whitespace/omission - Missing whitespace between ""אחד"" and ""מהלוחות"".
```"
409,Yesterday I had the best time with my friend and former rabbi colleague.,אתמול נהניתי מאוד עם חברתי וקולגה לשעבר בתחום הרבנות.,"MQM annotations:
linguistic conventions errors:
minor: grammar/gender agreement - The word ""חברתי"" (my friend - feminine) is used, while the source mentions ""former rabbi colleague"" without specifying gender. While it's possible the friend is female, without that context in the source, using the feminine form is potentially inaccurate and could be perceived as an error. If the speaker and colleague are both female, this is not an error. Since it's not explicitly indicated in the source, it's a minor issue."
419,#FalconGameBooks,# ספרימשחקבז,"MQM annotations:
linguistic conventions errors:
minor: whitespace/omission - The Hebrew translation combines multiple words into one. It should be ""ספרי משחק בז""."
420,"The eight-eyed Repnids seem to be watching as you settle the flyer down on the red soil, but they make no move towards you, in fact they are motionless as you climb out of the flyer and walk slowly towards them.","נראה שהרפנידים בעלי שמונה העיניים צופים בך בזמן שאתה מנחית את הרחפן על האדמה האדומה, אבל הם לא עושים שום תנועה לכיוונך, למעשה הם חסרי תנועה כשאתה יוצא מהרחפן והולך לאט לעברם.","```
MQM annotations:
linguistic conventions errors:
minor: punctuation/omission - Missing period at the end of the sentence.
```"
422,The rock beneath you gives way suddenly.,הסלע שתחתך קורס בפתאומיות.,"```
MQM annotations:
linguistic conventions errors:
minor: punctuation/omission - Missing period at the end of the sentence.
```"
424,"The end is swift, as several pairs of fangs inject their deadly venom and the air of Dyskra contaminates your lungs.","הסוף מהיר, כאשר מספר זוגות ניבים מזריקים את ארסם הקטלני ואוויר דיסקרה מזהם את ריאותיך.","MQM annotations:
linguistic conventions errors:
minor: spelling/spelling - ""ריאותיך"" should be ""ריאותיךָ"". While both forms exist, ""ריאותיךָ"" is more grammatically correct in this context, using the proper pronominal suffix."
425,Nobody will ever know that you were the first human future traveller.,אף אחד לעולם לא ידע שאתה היית הנוסע האנושי הראשון לעתיד.,"```
MQM annotations:
linguistic conventions errors:
minor: grammar/word_order - The word order ""אתה היית"" (you were) is slightly less natural than ""היית אתה"" (were you). Although grammatically correct, the alternative sounds more fluent in this context.

```"
427,"The eight-eyed Repnids seem to be watching, but they make no move towards you, in fact they are motionless as you walk slowly towards them.","הרפנידים בעלי שמונה העיניים נראים צופים, אך הם לא עושים שום תנועה לכיוונך, למעשה הם חסרי תנועה כשאתה הולך לאט לעברם.","```
MQM annotations:
linguistic conventions errors:
minor: punctuation/omission - Missing a comma after ""צופים"". It should be ""הרפנידים בעלי שמונה העיניים נראים צופים, אך..."".
```"
428,"You halt while still on the mound of crumbled rock and soil and speak to them, saying, 'I come in peace, as a friend.'","אתם עוצרים כשאתם עדיין על תל הסלעים והאדמה המתפוררים ואומרים להם: 'אני בא בשלום, כידיד.'","```
MQM annotations:
linguistic conventions errors:
minor: punctuation/omission - Missing punctuation at the end of the sentence.
```"
429,"It appears that they cannot hear you, let alone understand, as your Universal Translator picks up no answer.","נראה שהם לא שומעים אותך, שלא לדבר על מבינים, כיוון שהמתרגם האוניברסלי שלך לא קולט שום תשובה.","MQM annotations:
linguistic conventions errors:
minor: spelling/spelling - ""אוניברסלי"" should be ""אוניברסאלי""."
440,I plan on mixing it with a fine purple/lilac variegated cotton.,אני מתכנן לערבב את זה עם כותנה משולבת דקה בצבע סגול/לילך.,"MQM annotations:
linguistic conventions errors:
minor: punctuation/omission - Missing a period at the end of the sentence."
441,But am not sure I have enough of the purple.,אבל לא בטוח שיש לי מספיק מהסגול.,"MQM annotations:
linguistic conventions errors:
minor: whitespace/omission - Missing whitespace between ""מה"" and ""הסגול"". It should be ""מה הסגול""."
446,I have literally tried and dropped EVERY SINGLE ONE.,ניסיתי וזרקתי ממש כל אחד ואחד.,"MQM annotations:
linguistic conventions errors:
minor: whitespace/omission - Missing whitespace between ""אחד"" and ""ואחד"". It should be ""אחד ואחד""."
447,"And up until like two years ago, I had no idea until I checked my transcripts.","ועד לפני שנתיים בערך, לא היה לי מושג עד שבדקתי את הגיליונות ציונים שלי.","MQM annotations:
linguistic conventions errors:
minor: punctuation/omission - Missing the comma after ""בערך"" (roughly)."
455,"It's exciting, nerve-wracking, stressful, and all the good things that I love about working in games.","זה מרגש, מורט עצבים, מלחיץ, וכל הדברים הטובים שאני אוהב/ת בעבודה בתחום המשחקים.","```
MQM annotations:
linguistic conventions errors:
minor: punctuation/omission - Missing a period at the end of the sentence.
```"
463,Came home on my lunch break to see this sitting outside uwu.,חזרתי הביתה בהפסקת הצהריים שלי וראיתי את זה יושב בחוץ uwu.,"```
MQM annotations:
linguistic conventions errors:
minor: punctuation/omission - Missing period at the end of the sentence.
```"
475,Had a recent graduate artist take some critique badly tonight.,אמן בוגר טרי קיבל הערות ביקורת הערב בצורה קשה.,"MQM annotations:
linguistic conventions errors:
minor: punctuation/omission - Missing period at the end of the sentence."
482,"So while composting and bloom scrolling are a wonderful reminder to look up, and be aware of life beyond the screen.",למרות שקומפוסט וגלילת פריחה הם תזכורת נפלאה להרים את הראש ולהיות מודעים לחיים מעבר למסך.,"```
MQM annotations:
linguistic conventions errors:
minor: punctuation/omission - Missing a period at the end of the sentence.
```"
483,It is as important to explore servers and IP addresses.,חשוב באותה מידה לחקור שרתים וכתובות IP.,"```
MQM annotations:
linguistic conventions errors:
minor: no-error - None
```"
491,She did not look back.,היא לא הביטה לאחור.,"```
MQM annotations:
linguistic conventions errors:
minor: no-error - None
```"
492,He waited until he was in the darkness of the bunk room before he pulled the note out and read it in a beam of light coming through the blackout curtains.,הוא חיכה עד שהיה בחושך של חדר השינה לפני ששלף את הפתק וקרא אותו בקרן אור שבקעה מבעד לוילונות ההאפלה.,"```
MQM annotations:
linguistic conventions errors:
minor: whitespace/omission - Missing whitespace between ""בחושך"" and ""של"".
```"
493,One block-printed word.,מילה מודפסת בחריתה,"MQM annotations:
linguistic conventions errors:
minor: spelling/spelling - ""בחריתה"" should be ""בדפוס"" or ""בחריטה"" depending on the desired meaning (carved vs. printed). If the intention is ""block-printed"" as in printed using blocks, ""בדפוס"" is more appropriate. If the intention is carved letter, then the spelling should be בחריטה."
498,I'd particularly like to connect with more.,אני במיוחד אשמח ליצור קשר עם עוד.,"MQM annotations:
minor: word order - The word order is slightly unnatural. While grammatically correct, placing ""במיוחד"" (particularly) after ""אשמח"" (would be happy) sounds more natural in Hebrew. A more fluent word order would be ""אני אשמח במיוחד ליצור קשר עם עוד""."
499,Everyone with their hair on fire about CNN can thank Stephen Colbert for the hard right turn.,כל מי שרותח מזעם על CNN יכול להודות לסטיבן קולברט על הפנייה החדה ימינה.,"MQM annotations:
linguistic conventions errors:
minor: punctuation/omission - Missing punctuation at the end of the sentence."
