Index,source,zero_shot,maats,single_agent,reference
0,"To me, this is a pretty big assumption because it is only creating the viewport using a Direct3D object, not a Direct3D3 object.","对我来说,这是一个相当大的假设,因为它只使用了Direct3D对象,而不是Direct3D3对象来创建视口。","对我来说,这是一个相当大的假设,因为它只使用了Direct3D对象来创建视口,而不是更高级的Direct3D 3对象。","对我来说,这是一个相当大的假设,因为它只使用了Direct3D对象而不是Direct3D3对象来创建视口。",于我而言，这是一个非常大胆的假设，因为它仅使用 Direct3D 对象创建视口，而非使用 Direct3D3 对象。
1,"Some facts, e.g. about subatomic particles, can only result from experiments that are themselves only possible in capitalism because they require too much resources, too much organization, too much coercion, to pull off otherwise.","一些事实,例如关于亚原子粒子的事实,只能通过实验来获得,而这些实验本身只有在资本主义体系下才能进行,因为它们需要太多的资源、太多的组织和太多的强制手段才能完成。","一些事实,比如关于亚原子粒子的事实,只有在资本主义体制下才能通过实验获得,因为这需要大量的资源、组织和强制手段。","一些事实,例如关于亚原子粒子的事实,只能通过实验来获得,而这些实验本身只有在资本主义环境下才能进行,因为它们需要太多的资源、太多的组织和太多的强制手段才能完成。",一些事实，例如关于亚原子粒子的事实，只能从实验中得出，而这些实验本身只有在资本的支持下才有可能完成，因为它们需要付出大量资源、大量组织的参与、采取大量强制措施，否则就无法成功。
2,Picking this up this weekend.,这个周末拿到它。,我会在这个周末拿到它。,这个周末我会去拿它。,我这个周末来取它。
3,I was looking for a good first car guy car; and I really love the 80s aesthetic.,我正在寻找一辆好的初级汽车;我真的很喜欢80年代的美学。,"我正在寻找一辆有80年代风格的初级汽车,这正是我的心仪之选。",我正在寻找一辆适合初次购车者的好车;我真的很喜欢80年代的车型设计。,我正在寻找将与我朝夕相处的第一辆车；我确实非常喜欢 80 年代的审美观。
4,I know they're not fast compared,我知道他们相比之下不快。,我知道他们的速度并不太快。,他们的速度并不快。,我知道相比之下它们的速度并不是很快
5,#Venting into the Fediverse time.,#向联邦宇宙发泄时间。,向联邦宇宙发泄情绪。,#在联邦社交网络上发表自己的想法。,#在 Fediverse 中发泄。
6,The Domestic Partner and I went to the liquor store tonight for some beers and a bottle of bub.,我和同居伴侣今晚去了酒店买了一些啤酒和一瓶起泡酒。,我和同居伴侣今晚去了酒类商店买了一些啤酒和一瓶起泡酒。,我和同居伴侣今晚去了酒类商店买了一些啤酒和一瓶起泡酒。,我和我的同居伙伴今晚去酒类专卖店买了些啤酒和一瓶起泡酒。
7,"When we went to check out, the cashier is a fairly obvious #trans woman.","当我们去结账时,收银员显然是一位跨性别女性。","当我们去结账时,收银员看起来是一位变性人。","当我们去结账时,收银员明显是一位跨性别女性。",我们去结账的时候，发现收银员明显是一位#跨性别女性。
8,And then we just... paid for our stuff.,然后我们就...付了钱。,然后我们就付了我们的物品费用。,然后我们就付了我们的钱。,然后我们就...为我们买的商品结了账。
9,The smile of relief on her face was a great feeling but the fact that she was scared first FUCKING SUCKS AND I HATE IT.,"她脸上的解脱微笑是一种很好的感觉,但她先前感到害怕的事实真他妈的糟糕,我讨厌它。","她脸上的宽慰微笑让人感到很好,但她先前感到害怕的事实实在太糟糕了,我真的很讨厌。","她脸上的解脱微笑虽然很好,但她先前的恐惧真让人感到沮丧,我真的很讨厌这种感觉。",她脸上出现了如释重负的笑容，感觉很好，但她第一次遇到的恐惧真他妈的糟糕，我再也不想遇到那样的事。
10,This is the stupidest timeline and I hate it dot com.,"这是最愚蠢的时间线,我讨厌它。","这是最愚蠢的时间线,我讨厌这个网站。","这个时间线真是太蠢了,我真讨厌它。",这次经历真蠢，我再也不想遇到它。
11,But he can't pardon himself out of state prison.,但是他不能赦免自己脱离州监狱。,他无法获得赦免从州监狱出狱。,但是他无法自行获得州监狱的赦免。,而他无法大赦自己离开州立监狱。
12,It takes the state's governor.,州长需要。,州长需要处理此事。,州长负责此事。,因为这一点需要州长同意。
13,"We suggest that context-dependent communication is a situated multilayered phenomenon, crucially influenced by environment properties such as distribution of contexts.","我们建议,依情境而定的交流是一种多层面的现象,受环境特性(如情境分布)的关键影响。","我们认为,依情境而定的交流是一种多层面的现象,其关键受环境属性(如情境分布)的影响。","我们认为,情境相关的交流是一种位于特定环境中的多层现象,受诸如情境分布等环境特性的关键影响。",我们认为，依赖语境的通信是一种情景化的多层次现象，受到环境属性如语境分布的重要影响。
14,Communities gain the knowledge to embed and support their own development.,社区获得嵌入和支持自身发展的知识。,社区掌握了融入和支持自身发展的知识。,社区获得知识来融入和支持自身发展。,社区人员学习了知识，并将这些知识用于支持自身的发展。
15,Thousands of trees have been established and farmers have seen increased crop yields through a range of interventions from support with equipment purchases to training.,"通过各种干预措施,从设备购买支持到培训,已经建立了数千棵树,农民看到了作物产量的增加。","农民通过购买农具和接受培训等支持措施,种植了数千棵树,并看到了农产品产量的增加。","通过各种支持措施,从设备购买援助到培训,已经建立了数千棵树,农民看到了作物产量的增加。",种植了成千上万棵树，通过从购买设备到培训的一系列干预措施，农户见证了作物增产。
16,The UPS store near me won't allow me to write a label or write on the box.,附近的UPS商店不允许我在标签或箱子上写字。,附近的 UPS 商店不允许我在包裹上写字。,附近的UPS商店不允许我在标签或包裹上写字。,我附近的 UPS 商店不允许我手写标签或写产品盒上。
17,They won't allow me to tell them the address it's going to and who is shipping it.,他们不会允许我告诉他们它要去的地址和谁在发货。,他们不会允许我透露发货的地址和发货人。,他们不允许我告诉他们这个货物要发往哪里以及是谁在发货。,他们不允许我告诉他们商品的收货地址和承运人。
18,"It was an outrage, like a symbolic Jan 6 anti-democratic festivus of lies & grievance, self-destructively hosted by American media.","这是一种愤怒的行为,就像一个象征性的1月6日反民主狂欢节,充满谎言和不满,由美国媒体自毁性地主办。","这是一场令人愤怒的事件,就像是一次象征性的1月6日反民主集会,充满谎言和不满情绪,由美国媒体自我毁灭性地主办。","这是一场象征性的、充满谎言和不满的反民主狂欢,就像1月6日事件,由美国媒体自毁性地主办。",这真是骇人听闻，就像 1 月 6 日反民主节日，一个象征性的谎言和表达不满的节日，而这是由美国媒体近乎自我毁灭地把持。
19,Licht AGREED to an all Republican audience!,同意,李特同意在全共和党观众面前发表讲话。,光(Licht)同意在全共和党观众面前发表讲话。,利希特“赞同”所有共和党观众的观点！
20,The ratings--seeking delusional irresponsibility of it all.,收视率追求的妄想不负责任。,"对于这种追求收视率的妄想行为,实在是不负责任。",追求收视率的妄想和不负责任。,为追求收视率而进行的不负责任的妄想。
21,"I have a very drafty basement, which essentially means I can get a lot of rodents taking refuge.","我有一个非常通风的地下室,这实际上意味着我可能会有很多啮齿动物来寻求庇护。","我的地下室通风很差,这意味着会有很多老鼠来躲藏。","我有一个非常通风的地下室,这实际上意味着我可能会有很多小型哺乳动物来寻求庇护。",我有一间通风非常好的地下室，这意味着可能会让许多老鼠在此避难。
22,"I finally got fed up with this routine last night, cleaned all the traps of peanut butter, and superglued a pistachio to them.","我昨晚终于对这个日常感到厌烦,清理了所有陷阱上的花生酱,并在上面粘上了一颗开心果。","我昨晚终于厌烦了这个习惯,清理了所有陷阱上的花生酱,并在上面粘上了一颗开心果。","我昨晚终于对这个日常感到厌烦,清理了所有陷阱上的花生酱,并在上面粘上了一颗花生。",昨晚我终于放弃了这种套路，把所有花生酱都清理了，还用强力胶粘了一颗开心果在上面。
23,"(fwiw, I've tried nearly every ""humane"" trap on the market with very little success.","对不起,我无法提供任何额外的文本。以下是您要求的翻译:

(fwiw, 我几乎尝试了市面上所有的人道""捕捉器,但成功率很低。""","我几乎尝试了市面上所有的""人道捕捉器"",但成果甚微。","我几乎尝试了市面上所有的""人道""捕捉器,但成功率很低。",（顺便说一句，我几乎试过了市场上所有的“人道”陷阱，但收效甚微。
24,I'm tired of conservative parties and governments wrapping themselves in the brand of pro-business.,我厌倦了保守党和政府将自己包装成亲商的品牌。,我厌倦了保守派政党和政府将自己包装成支持企业的形象。,我厌倦了保守党和政府自称亲商的做法。,我厌倦了保守派政党和政府打着亲商的旗号包装自己。
25,"They aren't, at least not in Alberta.","他们不是,至少在阿尔伯塔省不是。",他们在阿尔伯塔省并非如此。,他们在阿尔伯塔并非如此。,他们不是亲商派，至少在阿尔伯塔省不是。
26,Sure they cut business taxes.,他们确实降低了企业税率。,他们降低了企业税。,他们确实降低了企业税率。,对，他们削减了营业税。
27,"Discovered the hard way that in 2023, local TV station web sites are the absolute worst experience on the internet.","2023年,发现本地电视台网站是互联网上最糟糕的体验,这是一个艰难的教训。","在2023年,发现本地电视台网站是互联网上最糟糕的体验。","2023年,我亲身体验到本地电视台网站是互联网上最糟糕的体验。",我发现，在 2023 年，地方电视台网站带给我的绝对是互联网上最糟糕的体验。
28,"Popups, auto-play videos, animations, popovers, and ads, ads, ads.",弹窗、自动播放视频、动画、弹出窗口和广告、广告、广告。,弹窗、自动播放视频、动画、弹出框和广告轰炸。,弹窗、自动播放视频、动画、弹出窗口和广告。,弹出窗口、自动播放视频、动画、弹出窗口和一而再再而三的广告。
29,"This is true even now that goatse.cx is gone, though it would be a close race to the bottom between goatse and, say, khou.com, where I tried to watch a video the Wendy sent me.","即使现在 goatse.cx 已经不存在了,这仍然是真的,不过 goatse 和 khou.com 之间的竞争可能会很激烈,我曾试图在 khou.com 上观看温迪发给我的视频。","即使现在那个网站已经不存在了,但它和某些其他网站之间的竞争可能会很激烈,比如我曾试图在某个网站上观看朋友发给我的视频。","即使 goatse.cx 现在已经不存在了,这仍然是真的,不过 goatse 和 khou.com 之间的竞争可能会很激烈,我曾试图在 khou.com 上观看 Wendy 发给我的视频。",我曾在 khou.com 尝试观看 Wendy 发给我的视频，尽管 goatse 和 khou.com 之间的竞争会非常激烈，goatse.cx 已经消失却是事实。
30,"""I'm just dropping him off in Glasgow,"" I attempted to explain, gesturing at my traveling companion.",我只是把他送到格拉斯哥。,"我只是要把他送到格拉斯哥,我试图解释道。",我只是把他送到格拉斯哥去。,“我只是让他在格拉斯哥下车，”我试图解释，并向我的旅伴做了个手势。
31,The thing that last night convinced me of is that we need to be ready to fight back against Trumpism.,昨晚让我深信我们需要准备好与特朗普主义抗争。,"昨晚让我深信我们需要做好准备,与特朗普主义思潮抗争。","我们必须做好准备,坚决抵制特朗普主义。",昨晚，我确信，我们有必要准备好反击特朗普主义。
32,Get some bumper stickers that are anti-Trump and plaster them all over.,贴一些反特朗普的汽车贴纸到处张贴。,获取一些反特朗普的汽车贴纸并贴遍各处。,大肆张贴一些反特朗普的醒目汽车贴纸。,找一些反特朗普的车尾贴，贴满。
33,Yell back at those who would try to talk over us.,对那些试图压制我们声音的人大声回应。,"对那些试图压制我们声音的人,大声反驳。","不要让那些想压制我们声音的人得逞,要大声反驳他们。",对那些试图凌驾于我们之上的人大声呼喊。
34,So I rushed to get into my apt to avoid him but he still managed to catch up to me to chat.,"所以我急忙回到公寓想避开他,但他还是设法追上我聊天。","我急忙回到公寓想避开他,但他还是设法追上我聊了起来。","所以我急忙回到公寓想要避开他,但他还是设法追上我聊天。",所以我跑进我的公寓来避开他，但他仍然试图赶上我，与我聊天。
35,I repeat. It is not socially acceptable to spread your covid mucus storm everywhere!!!,我重复一遍。到处传播你的新冠病毒粘液风暴是不可接受的社会行为!!!,不要到处喷洒新冠病毒粘液!这种行为是不可接受的。,"我再说一遍,到处散播你的新冠病毒是完全不可接受的行为!!!",我重复一遍。到处传播你的带有新冠肺炎病毒的痰是社会所无法接受的！！！
36,Abe keeps his sorrows hidden and laughs easily while Tom is not afraid to cry but is less amused by rude humor.,"阿部把他的悲伤隐藏起来,很容易笑,而汤姆不怕哭泣,但对粗俗的幽默不太感兴趣。","亚伯隐藏内心的悲伤,却很容易发笑,而汤姆不害怕流泪,但对粗俗的幽默不太感兴趣。","阿布隐藏自己的悲伤,很容易笑,而汤姆不怕哭泣,但对粗鲁的幽默不太感兴趣。",Abe 隐藏了他的悲伤，坦然一笑，而 Tom 不怕流泪，但不喜欢粗鲁的幽默。
37,Mio knows that sorrow is life's constant companion.,"缪知道,悲伤是生命永恒的伴侣。","缪知道,悲伤是生命永恒的陪伴。","米欧知道,悲伤是生命永恒的伴侣。",Mio 知道悲伤伴随着一个人的一生。
38,#CNN needs to just close down.,#CNN需要关闭。,中国有线电视新闻网应该关闭。,#CNN只需要关闭。,#CNN 需要做的就是关门大吉。
39,Yesterday's fiasco with #MangoMoron was an outrageous fiasco.,昨天与#MangoMoron的灾难性事件是一场令人发指的灾难。,昨天发生的#MangoMoron事件是一场彻底的失败。,昨天那场关于#MangoMoron的丑闻真是令人发指。,昨天 #MangoMoron 的惨败真的令人愤慨。
40,"Geeky student Arnie Cunningham falls for Christine, a rusty 1958 Plymouth Fury, and becomes obsessed with restoring the classic automobile to her former glory.","书呆子学生阿尼·坎宁安迷恋上了一辆1958年普利茅斯·富瑞的旧车,并沉迷于将这辆经典汽车修复到昔日的辉煌。","书呆子阿尼·坎宁安迷恋上了一辆1958年的破旧普利茅斯·富瑞,并沉迷于修复这辆经典汽车。","书呆子学生阿尼·坎宁安迷恋上了一辆1958年普利茅斯·怒火(Fury)旧车,并沉迷于将这辆经典汽车修复至昔日的辉煌状态。",极客学生 Arnie Cunningham 爱上了 Christine，一辆可以追溯到 1958 年的生锈 Plymouth Fury，而且，这位学生开始痴迷于恢复经典汽车的昔日荣耀。
41,"As the car changes, so does Arnie, whose newfound confidence turns to arrogance behind the wheel of his exotic beauty.","随着汽车的变化,阿尼也发生了变化,他新发现的自信在驾驶他那辆异域美车时变成了傲慢。","阿尼驾驶他那辆异域美车时,新发现的自信变成了傲慢。","随着汽车的变化,阿尼的性格也发生了转变,他原本的自信在驾驶那辆异域美车时变成了傲慢。",随着汽车的变化，Arnie 也在变化，在他异域佳人的车轮下，他新获得的自信转变成了傲慢。
42,One of the craziest parts about my neighbors turning against me is thinking about how much effort it takes to be hostile.,"我邻居反对我,这其中最疯狂的部分就是想到要付出多大的努力才能表现出敌意。","我邻居对我产生了敌意,这其中最疯狂的部分就是想到要付出多大的努力才能变得如此。","我邻居对我产生敌意,这其中最疯狂的部分就是想到要付出多大的努力才能表现出这种态度。",我的邻居与我针锋相对，最不可理喻的是，惦记着要花多大力气对付我。
43,It hurts but you gotta do you.,痛苦但你必须做你自己。,"即使痛苦,也要坚持做自己。","做你自己,虽然会痛苦。",会很痛苦，但必须这样做。
44,But at this point the open hostility and violence is getting worse.,"但在这一点上,公开的敌意和暴力正在变得更加严重。",公开的敌对态度和暴力行为正在恶化。,但此时公开的敌意和暴力正在变得更加严重。,而此时公开的敌意和暴力正在加速恶化。
45,That takes effort.,那需要努力。,这需要付出努力。,这需要付出努力。,那样做需要花力气。
46,They had keys to my apartment for 6+ years.,他们有我公寓的钥匙超过6年。,他们已经拥有我公寓的钥匙超过6年了。,他们拥有我公寓的钥匙长达6年多。,他们 6 年多之前就有我公寓的钥匙了。
47,I am aware of your hatred of Organa.,我知道你对奥加纳的仇恨。,我知道你对奥加纳的仇恨。,我知道你对奥加纳有仇恨。,我了解你对 Organa 的仇恨。
48,The Last of Us is an easy and canonical example of dad-ification.,最后的我们是父亲化的简单和典范例子。,《最后生还者》是父性化的典型和简单例子。,"《最后生还者》是一个典型的""父亲形象化""的游戏例子。",《最后生还者》是一个关于父亲化的经典示例。
49,"Dad-ification usually posits that the solution to a situation where a parent figure must care for or protect a child or child stand-in is overwhelming strength, and using that strength to force a very specifically shaped power dynamic.","父亲化通常认为,当一个父母角色必须照顾或保护一个孩子或孩子替代品的情况下,解决方案是压倒性的力量,并利用这种力量来强制一个非常特定形状的权力动态。","父亲化通常认为,当一个家长必须照顾或保护孩子时,解决方案是采取压倒性的力量,并利用这种力量来强制实施特定形式的权力动态。","父母化通常认为,当父母必须照顾或保护孩子或其他被照顾者时,解决方案是利用强大的力量来强加特定的权力关系。",父亲化一般意味着，在父母必须照顾或保护孩子或弱势人员时，这种方法就屡试不爽，他们使用这种方法强制将自己的这种特定权力凌驾于他人之上。
50,- We provide links to where you can book the fare.,我们提供预订车票的链接。,我们为您提供预订车票的链接。,我们提供预订车票或其他费用的链接。,
51,- More details are in the full blog post.,更多详情请见完整博客文章。,完整博客文章有更多详情。,更多详情请见完整的博客文章。,
52,Over time dart became my go-to for quick UI.,"随着时间的推移,Dart 成为了我快速开发 UI 的首选。","随着时间的推移,Dart 逐渐成为了我快速开发 UI 的首选。","随着时间的推移,Dart 成了我的首选快速 UI 开发工具。",dart 逐渐成为我快速与用户对接的首选。
53,"#flutter is a pleasure to work with, and they have #mobx for easy store management.","#flutter 是一种很棒的工作体验,他们有 #mobx 来轻松管理数据仓库。","#Flutter 是一种很棒的工作体验,他们提供了 #MobX 来轻松管理数据仓库。","#flutter 是一个很棒的工作体验,他们有 #mobx 可以轻松管理数据。",#flutter 是一个绝佳合作伙伴，他们拥有可以简化商店管理的 #mobx。
54,Echidna with amethyst and magenta spikes.,紫晶和品红色刺的针鼹,紫色和品红色刺的针鼹,带有紫罗兰和品红色刺的刺猬,长有紫水晶色和洋红色尖刺的针鼹。
55,"Their hair is raspberry, short and curly.","他们的头发是树莓色的,短而卷曲。","他们的头发是红色的,短而卷曲。","他们的头发是深红色的,短而卷曲。",它们的毛发是红莓色的，短小而卷曲。
56,Their most interesting feature is their good deeds.,他们最有趣的特点是他们的善行。,他们最引人注目的特点是他们的善举。,他们最有趣的特点是他们的善举。,它们最吸引人的是它们友好的行为。
57,"Despite the best efforts of Bram Stoker, Max Schreck, and Stephenie Meyer in trying to make them look bad - everyone ...","即使布拉姆·斯托克、马克斯·施雷克和斯蒂芬妮·梅耶尽了最大努力让他们看起来很糟糕,每个人都...","即使布拉姆·斯托克、马克斯·施雷克和斯蒂芬妮·梅耶尽了最大努力让吸血鬼形象看起来很糟糕,但每个人都...","尽管布拉姆·斯托克、马克斯·施耐德和斯蒂芬妮·梅耶尔竭尽全力让他们看起来很糟糕,但所有人都...",尽管 Bram Stoker、Max Schreck 和 Stephenie Meyer 已经竭尽全力让他们深陷窘境——每个人...
58,"Need to translate it to Mandarin and/or Hokkien, neither of which I know at all.","我需要翻译成中文普通话和/或福建话,我完全不懂这两种语言。","我需要翻译成普通话和/或福建话,因为我完全不会这两种语言。","我需要翻译成中文普通话和/或福建话,但我完全不会这两种语言。",我需要把它翻译成普通话和/或闽南语，这两种语言我都不懂。
59,Been toying with this thought for a little while:,我一直在思考这个想法一段时间了。,我一直在玩味这个想法有一段时间了。,我一直在玩味这个想法一段时间了。,考虑这个想法已经有一段时间了：
60,Because it happens in the mind and seems less tangible than physical health.,心理健康,"因为心理健康难以捉摸,比起身体健康更不那么有形。","因为心理健康发生在内心,比起身体健康来说,它似乎更加难以捉摸和感知。",因为它针对的是大脑，似乎不像身体健康那样看得见摸得着。
61,"My sex is non-binary, my gender is female.","我的性别是非二元性别,我的性别认同是女性。","我的生理性别是非二元的,但我的性别认同是女性。","我的性别认同是非二元性别,我的性别是女性。",我的性是非二元的，我的性别是女。
62,Like krauty moods and other worldly pop music and radiophonic workshop and all sorts.,"像泡菜心情和其他世俗流行音乐,以及电台工作室等各种。",像其他世俗流行音乐和广播工作室等各种音乐。,"像朋克情绪和其他世俗流行音乐,以及电台工作室等各种类型。",比如 krauty moods、其他通俗流行音乐、广播电台直播间等各种形式。
63,Playing around a bit with Flutter.,玩玩 Flutter。,探索 Flutter 的功能。,玩玩一下 Flutter。,试玩了下 Flutter。
64,"I'd hate to base my business on tech from Google, to be honest, on the other hand Google is one of the few big players with real incentives to create a compelling cross platform experience and it shows.","我不想以谷歌的技术为基础来经营我的业务,说实话。另一方面,谷歌是为数不多的大公司之一,它有真正的动力去创造一个引人入胜的跨平台体验,这一点很明显。","我不想依赖谷歌的技术来经营我的业务,但另一方面,谷歌是为数不多的大公司之一,它确实有动力去创造出优秀的跨平台体验。","我虽然不太想依赖谷歌的技术来经营我的业务,但谷歌确实是为数不多的大公司之一,它有真正的动力去创造一个引人入胜的跨平台体验,这一点很明显。",说实话，我不喜欢把我的业务建立在谷歌的技术上，但另一方面，谷歌是少数几个真正有动力创造引人注目的跨平台体验的大玩家之一，这一点也很明显。
65,A few very small difficulties have come to light.,一些非常小的困难浮现出来。,出现了几个微小的困难。,一些微小的困难浮现出来。,一些细微困难已经表现出来。
66,Nothing to set alarm bells ringing but nevertheless they are being addressed.,"没有引起警报的必要,但仍在解决这些问题。","没有引起警铃的必要,但这些问题正在得到解决。","虽然没有什么值得警铃大作的问题,但这些问题仍在得到解决。",没有什么能敲响警钟，无论如何，正在解决这些问题。
67,A small update will be produced next week to correct them.,下周将生产一个小更新来纠正它们。,下周将推出一个小更新来修正这些问题。,下周将生产一个小更新来纠正这些错误。,下周会发布一次小更新来纠正这些错误。
68,I don't know exactly know why my brain can't figure it out; it might be that the tools are just so broad and vague that my brain just hardlocks due to 'too many options'.,"我不确切知道为什么我的大脑无法解决这个问题;可能是因为工具太广泛和模糊,以至于我的大脑因""选择太多""而陷入僵局。","我不知道为什么我的大脑就是无法解决这个问题;可能是因为这些工具太广泛和模糊,以至于我的大脑因'选择太多'而陷入僵局。","我不太清楚为什么我无法理解这个问题;可能是因为这些工具太广泛和模糊,以至于我的思维陷入困境,无法做出选择。",我不知道或者不能确切知道为什么我想不通；可能是因为这些工具太宽泛和模糊了，以至于我的大脑因为“选项过多”而锁死了。
69,"There's... no way that would work, probably!","那根本行不通,可能!","那肯定行不通的,可能!",那可能行不通吧。,那...那可能行不通！
70,I was a voracious reader in my youth.,我年轻时是个贪婪的读者。,我年轻时是个狂热的读者。,我年轻时是个狂热的读书人。,我年轻时是个如饥似渴的读者。
71,"But if Spotify has a good quarter, they will.","但如果 Spotify 有一个好的季度,他们就会。","如果 Spotify 有一个好的季度,他们也将表现出色。","但如果 Spotify 有一个好的季度,他们就会取得成功。",但是如果 Spotify 某个季度卖的很好，他们就会这么做。
72,Let them rehabilitate the hollowed out and decaying cities across the country. Again.,让他们修复遍布全国的空心化和衰败的城市。,让他们重建遍布全国的破败城市。,让他们再次修复遍布全国的空心化和衰败的城市。,让他们为全国各地被掏空后萧条衰败的城市平反。又来了。
73,These headlines and articles usually reference one CEO at one large company.,这些标题和文章通常只提及一家大公司的一位CEO。,这些标题和文章通常只提及一家大公司的一位总裁。,这些标题和文章通常只提及一家大公司的一位CEO。,这些头条和文章通常会提及一家大公司的首席执行官。
74,It's all clickbait but it does worry me about the executives and managers who read these articles.,"这些都是点击诱饵,但这确实让我担心那些阅读这些文章的高管和经理。",这些标题党内容确实让我担心那些阅读这些文章的管理层。,"这些文章虽然只是为了吸引点击,但我确实为那些阅读这些文章的高管和经理感到担忧。",这些都是引诱别人点击的诱饵，但我确实担心阅读这些文章的高管和经理们。
75,It enables people to avoid lengthy commutes that take time away from their day and their families.,"它使人们能够避免耗费时间的长途通勤,从而有更多时间与家人在一起。","它使人们能够避免耗费大量时间的通勤,从而有更多时间陪伴家人。","它使人们能够避免耗费时间的长途通勤,从而有更多时间与家人相处。",它使人们能够避免漫长的通勤，而漫长的通勤会削减日常生活和陪家人的时间。
76,"""This is a war between the pro-humans and anti-humans,"" he said.","这是人类支持者和反人类之间的战争,他说。","这是支持人类和反人类之间的战争,他说。","这是人类支持者和反对人类之间的战争,他说。",“这是亲人类和反人类之间的一场战争，”他说。
77,He also argues that NDP and progressives want to depopulate society for the sake of the environment.,他还认为，新民主党和进步派想要为了环境的缘故而减少人口。,他们还认为，新民主党和进步人士想要为了环境的缘故而减少社会人口。,他还认为，新民主党和进步派想要为了环境目的而减少人口。,他还认为，NDP 和进步人士希望以保护环境为目的减少社会人口。
78,Whenever May would pop up I dreaded trying to celebrate my bday.,"每当五月来临,我就害怕庆祝我的生日。","每年五月到来时,我都不愿意庆祝自己的生日。","每逢五月到来,我就害怕庆祝生日。",每当遇到五月，我为庆祝生日感到恐惧。
79,Winter is 30 days away in this little part of the Great Southern World.,冬季距离这个大南方世界的这个小部分还有30天。,冬季还有30天就到来了。,这个大南方世界的这个小部分还有 30 天就是冬季。,离冬天还有 30 天，在大南方的一个小地方。
80,"The rain is falling and whilst/while it is not frozen, you ain't going dancing in it!","雨正在下落,虽然它没有冻结,你也不会在雨中跳舞!","下雨了,虽然雨水没有结冰,你也不会在雨中跳舞!","雨还在下,虽然还没有冻结,你也不会在雨中跳舞!",雨还在下，当它还没结冰时，你不能在雨里跳舞！
81,Does you know of a performant way for a web component to respond to being added/removed from a document?,您知道网页组件在被添加/移除文档时响应的高性能方法吗?,你知道有什么高性能的方法可以让网页组件在被添加或移除文档时做出响应吗?,你知道网页组件在被添加/移除文档时响应的高性能方法吗?,你知道 web 组件响应从文档中添加/删除的有效方式吗？
82,"We create a detached temp parent, install MO there, and observe it becoming detached (thus attached elsewhere).",我们创建一个分离的临时父级，在那里安装 MO，并观察它变得分离(因此附着在其他地方)。,我们创建一个临时的独立父级，在那里安装 Mo，并观察它从那里分离到其他地方。,我们创建一个分离的临时父级，在那里安装 MO，并观察它从而分离(附着在其他地方)。,我们会创建一个分离的临时父对象，在该对象中安装 MO，并观察其分离过程（从而附加到其他地方）。
83,He's just absolutely ripped from tearing around my office twice a day.,"他每天在我办公室里来回跑两次,身材绝对健壮。","他每天在我办公室里来回跑两次,身材非常健壮。","他每天在我办公室里来回跑两次,身材异常健壮。",他一天在我的办公室里乱翻两次，简直是疯了。
84,"I don't have a scale to weigh him, but he feels like he's well over a pound.","我没有秤来称他的重量,但我感觉他的重量远远超过一磅。","虽然我没有秤来称他的重量,但我感觉他的重量远远超过450克。","我没有秤来称他的重量,但我感觉他很重,应该超过一磅。",我没有体重秤给他称体重，但他感觉自己胖了一磅多。
85,It makes me so happy to see him thriving.,"看到他蒸蒸日上,我感到非常高兴。","看到他表现出色,我感到由衷的高兴。","看到他蒸蒸日上,我感到非常欣喜。",看到他茁壮成长，我很开心。
86,1) Slight modifications to the Hel's Fighters map layout.,轻微修改赫尔战士地图布局。,对赫尔的战士地图布局进行了轻微修改。,"对""Hel's Fighters""地图布局进行了轻微调整。",1）轻微修改了 Hel 的战斗机地图布局。
87,"All collards, kale, chard is transplanted.",所有的羽衣甘蓝、羽衣甘蓝和瑞士甜菜都是移植的。,所有的羽衣甘蓝、羽衣甘蓝和瑞士甜菜都需要移植。,所有的羽衣甘蓝、羽衣甘蓝和瑞士甜菜都是移植的。,所有的羽衣甘蓝、甜菜都已完成移植。
88,Spring peas at Gilpin are showing up so trellise needs to be set.,"春季豌豆在吉尔平出现,需要设置支架。","春季在吉尔平的豌豆地里已经长出来了,需要立起支架了。","吉尔平的春季豌豆已经长出,需要立即搭建支架。",吉尔平的春豌豆正在出芽，所以需要设置棚架。
89,"Apple Maps comes default with iOS, and yet people would go out of their way to download and install Google Maps onto their iPhones.","蘋果地圖預設隨 iOS 而來,但人們還是會特意下載並安裝谷歌地圖到他們的 iPhone 上。","蘋果地圖預設隨 iOS 而來,但人們仍會特意下載並安裝 Google Maps 到他們的 iPhone 上。","蘋果地圖雖然是 iOS 的預設地圖應用程式,但人們仍會特意下載並安裝谷歌地圖到他們的 iPhone 上。",苹果地图是苹果系统的默认地图软件，然而人们会专门下载谷歌地图并安装到苹果手机上。
90,"Curious, I kept an open mind to compare how Google Maps and Apple Maps compare, on my test iPhone device (my daily driver is an Android device, so it's rare that I use an iPhone).","好奇心驱使我保持开放的心态,比较谷歌地图和苹果地图在我的测试 iPhone 设备上的表现。(我的日常使用设备是 Android 设备,所以很少使用 iPhone。)","出于好奇,我在测试 iPhone 设备上比较了谷歌地图和苹果地图的表现,尽管我平时使用的是 Android 设备。","我在测试 iPhone 设备上比较了谷歌地图和苹果地图,尽管我日常使用的是 Android 设备。",出于好奇，我在我的测试苹果手机上（我的日常驱动程序是安卓手机，所以我很少使用苹果手机），对谷歌地图和苹果地图进行了比较。
91,No idea.,没有主意。,不知道。,我没有任何主意。,不太明白。
92,Could it be that Google Search is integrated with Google Maps?,是否谷歌搜索与谷歌地图集成?,搜索引擎是否与地图服务集成?,谷歌搜索是否与谷歌地图集成?,会不会是谷歌搜索和谷歌地图整合在一起造成的？
93,"I'm biased in favour of not releasing garbage to end users, and Apple royally fucked up with their Apple Maps when it came out in 2012.","我偏向于不向最终用户发布垃圾,而苹果公司在2012年推出的苹果地图上犯了严重的错误。","我个人倾向于不向用户提供劣质产品,但苹果公司在2012年推出的""Apple Maps""却出现了严重失误。","我倾向于不向用户发布垃圾,而苹果在2012年推出的苹果地图可谓是彻底失败了。",我的偏见在于，苹果不会向终端用户发布垃圾产品，并且苹果公司在 2012 年推出苹果地图时，彻底搞砸了。
94,The house itself declines in value because it loses its condition and needs to be replaced.,"房子本身的价值下降,因为它失去了状况,需要被替换。","房子本身的价值下降,因为它状况恶化,需要更换。","房子本身的价值下降,因为它状况恶化,需要被修缮或重建。",房子本身的价值会不断下降，因为它的优越性会逐渐失去，然后就需要用其它房子取而代之。
95,They're not stupid enough to sell the sell forever.,他们不够愚蠢到永远出售。,他们不会永远出售。,他们不会那么愚蠢到永远出售出去。,他们不会蠢到卖掉它的永久所有权。
96,It seems inconceivable that land may be taken away one day when you watch Australian and United States media channels but that's because the rich are on there all day ensuring your mind thinks a certain way.,"看起来难以想象,当你观看澳大利亚和美国媒体频道时,土地可能会被夺走,但这是因为富人整天在那里确保你的思维方式是某种特定的方式。","你看着澳大利亚和美国的媒体频道,可能会觉得土地被夺走是难以想象的,但这是因为富人一直在那里确保你的思维方式是他们想要的。","看起来土地可能会被夺走,这在观看澳大利亚和美国媒体频道时难以想象,但这是因为富人整天在那里塑造你的思维方式。",当你观看澳大利亚和美国的媒体频道时，有一天土地会被拿走，这一点似乎不可思议，但那是因为富人一直都在那里，确保你的思维追随某种形式。
97,"To all the investors out there, I raise a toast to your success and the realization of your dreams.","致所有投资者,我为您的成功和梦想实现而干杯。","投资者朋友们,祝贺你们实现梦想,取得成功!","致所有在场的投资者,我为您的成功和梦想实现而干杯。",在场的所有投资者们，我为你们的成功和梦想的实现干杯。
98,Let us continue to work together towards creating a brighter future for all.,让我们继续携手共创美好的未来。,让我们继续携手共创更美好的未来。,"让我们继续携手共创美好的未来,造福大家。",让我们继往开来，为所有人创造一个更加光明的未来。
99,I often wonder at the human capacity to be *so* down on oneself while inundated by so much evidence of what actual cruelty looks like.,"我常常惊讶于人类如此自我贬低,却又被如此多残酷的证据所淹没。","我常常惊讶于人类如何能如此自我贬低,却又被如此多残酷的证据所淹没。","我常常惊讶于人类如此自我贬低,却又被如此多残酷的证据所包围。",我经常想知道人类面对大量真实残忍的证据时，为什么会如此自暴自弃。
100,We're all such messy critters.,我们都是如此凌乱的生物。,我们都是这么乱糟糟的家伙。,我们都是这么乱糟糟的小家伙。,我们都很邋遢。
101,"or ""Modal editors are useless today"" :morty:",模态编辑器今天毫无用处,模态编辑器今天已经没什么用了,这些编辑器今天没什么用了 :morty:,或者“模态编辑器现在没有用武之地了”:morty:
102,How would you share personal libraries?,如何分享个人图书馆?,如何分享个人藏书?,如何分享个人的图书/数字内容藏?,你是怎么共享个人库的？
103,"Also one day I am totally gonna do the mile high orgasm, maybe not with a str","我也有一天会在高空中达到高潮,也许不会是和一个陌生人。","我也有一天会在飞机上达到高潮,也许不会和陌生人。","有一天我也会在飞机上尝试一次高空体验,不过可能不会和陌生人。",总有一天我会达到一英里高的高潮，也许不是靠力气
104,I don't agree that #Mastodon is difficult to setup.,我不同意#Mastodon很难设置。,我不认为#Mastodon很难设置。,我不同意#Mastodon的设置很困难。,我认为 #Mastodon 设置起来不难。
105,"I wish there was a ""who to follow"" recommendation somehow.","我希望能有一个""谁值得关注""的推荐系统。","我希望能有一个推荐""值得关注的人""的系统。","我希望能有一个""谁值得关注""的推荐系统,不知何故。",不知何故，关于“关注谁”，我想听一些建议。
106,If you stick to the default web interface it doesn't look and feel good (imho).,"如果你坚持使用默认的网页界面,它看起来和感觉都不太好(在我看来)。",我觉得使用默认的网页界面看起来和感觉都不太好。,使用默认网页界面看起来和感觉都不太好。,如果你坚持默认的网络界面，外观和感觉都不是很好。
107,Explanation: account for both sides of mutual influence,相互影响的双方,考虑双方的相互影响,考虑相互影响的双方,解释：将双方之间的相互影响纳入考量
108,"Even if he didn't get to say them during the town hall, everyone in America will hear them anyway, repeatedly, between now and November 2024.","即使他在镇政厅期间没有说出这些话,但在2024年11月之前,美国的每个人都会一遍又一遍地听到这些话。","即使他没能在镇政厅上发表这些言论,但在2024年11月之前,美国人民都会一次又一次地听到这些话。","即使他在公众论坛上没有说出这些话,但在2024年11月之前,美国的每个人都会反复听到这些话。",即使他没有在市政厅说这些话，从现在到 2024 年 11 月，所有美国人都会反复听到这些话。
109,Throwing everything you've got over the fence in response to GPT is not it.,对GPT的回应不应该是把所有的东西都扔过篱笆。,对 GPT 的回应不应该是把所有力气都倾尽于此。,对GPT的反应不应该是一味地盲目抛出所有的手段。,把你所有的一切都扔掉去回复 GPT 似乎适得其反。
110,"If I try and figure out my one rep max is I might not own enough weights to max out, or conversely it could seriously injure/kill me.","如果我试图找出我的一次最大重复次数,我可能没有足够的重量来达到最大值,或者相反,这可能会严重伤害/杀死我。","如果我尝试找出我的一次最大举重次数,我可能没有足够的重量来达到最大值,或者相反,这可能会严重伤害我。","如果我试图找出自己的一次最大举重量,可能会因为没有足够的重量而无法达到最大值,或者相反,这可能会严重伤害甚至危及生命。",如果我试图找出我最大的一个缺点，那就是我可能没有举重极限，或者反而，这可能会给我造成严重伤害/害死我。
111,I swear burrata didn't exist five years ago,我发誓五年前没有布拉塔奶酪。,我记得五年前还没有布拉塔奶酪。,五年前布拉塔芝士还不存在。,我敢肯定五年前布拉塔芝士不存在
112,This is my personal Mandela effect thing.,这是我个人的曼德拉效应。,这是我所感受到的曼德拉效应。,这是我个人的曼德拉效应体验。,这东西是我自身的曼德拉效应造成的。
113,I'd never seen anyone's mom make it or had it shoved at me at a party or seen it appear in conjunction with anyone's saucemaking escapades or baking days,"我从未见过任何人的妈妈做过它,也从未在派对上被人强迫吃过它,也从未见过它与任何人的酱料制作或烘焙活动有关。","我从未见过任何人自己做过这道菜,也从未在聚会上被人强行推荐过,更没有在任何人的烹饪或烘焙活动中看到过它。","我从未见过任何人的妈妈做过这个菜,也从未在派对上被人强行塞给过,更没有见过它与任何人的酱料制作或烘焙活动有关。",我从未见过别的妈妈做这道菜，或在聚会上推荐给我，也没有看到它与任何人的酱料恶搞或烘焙日餐品一起出现过
114,It just appeared one day and suddenly it was available everywhere.,"它就在某一天突然出现,随后迅速普及。","它突然出现,随后立即广泛可获得。","它突然在某一天出现,随后迅速普及到各处。",有一天它出现了，突然它变得随处可见。
115,"This would be mainly for web browsing, occasional email, and some games.",这主要用于网页浏览、偶尔收发电子邮件和一些游戏。,这主要用于浏览网页、偶尔收发电子邮件和玩游戏。,这台设备主要用于网页浏览、偶尔收发电子邮件和玩一些游戏。,它将主要用于浏览网页、偶尔收发电子邮件或者玩游戏。
116,"""A good game is only late until it ships.",一款好游戏只要最终发布即可。,"只要最终发布,一款好游戏就算及时了。","一款优秀的游戏只要最终能发布,即使在开发过程中有所延迟也无关紧要。",“一款好游戏只有在上市后才会被发掘。
117,"""Or, as an industry catch phrase goes: A late game is only late until it ships.","一款游戏迟到只是迟到,直到它发布。","游戏延期只是暂时的,直到它最终发布。","即使游戏发布时间延迟,只要最终顺利发布就算及时。",“或者，正如一句行业流行语所说：一款迟到的游戏只有在它发售时才算迟到。
118,Is it so ephemeral then?,那么它是如此短暂吗?,那它如此短暂吗?,那么它如此短暂吗?,它真的稍纵即逝？
119,"He carries it in his mouth proudly all over the house, and I just have to laugh inwardly.","他骄傲地在房子里到处叼着它,我只能在内心偷偷地笑。","他自豪地在房子里到处衔着它,我只能在内心偷偷地笑。","他自豪地在房子里到处叼着它,我只能在内心偷笑。",他骄傲地叼着它满屋跑，我只能暗自发笑。
120,Have now done a full round trip on the new ICNG train.,我已经完成了新型 ICNG 列车的全程往返旅行。,我刚刚完成了新型 ICNG（Intercity Next Generation）列车的全程往返旅行。,我刚完成了新型 ICNG 列车的全程往返旅程。,我现在已经在新 ICNG 列车上完成了一次完整的往返旅行。
121,I really like it.,我很喜欢它。,我非常喜欢它。,我很喜欢这个。,我很喜欢这个列车。
122,There's areas that could use some polish.,需要加以改善的地方。,这些地方需要进一步完善。,这里有些地方需要润色。,有些地方有待提高。
123,"Namely the lack of enough bins, and the lack of signs to explain the significance of the lighting colours.","缺乏足够的垃圾桶,以及缺乏解释照明颜色意义的标志。","缺乏足够的废弃物收集容器,以及缺乏解释指示灯颜色意义的标识。","垃圾收集设施不足,且缺乏解释照明颜色意义的标识。",比如，垃圾箱不足，并且缺少指示灯光颜色所代表的意义的标志。
124,"Fix those minor issues, and then can we have more of these please?","修复这些小问题,然后我们可以再来一些吗?","修复这些小问题,然后我们能再要一些吗?","修复这些小问题后,我们还能再来一些吗?",解决这些小问题，然后我们还会有更多这样的小问题吗？
125,One per customer rules remain as we try to ensure everyone who queues up can get their hands on a board.,"每位顾客限购一件规则仍然存在,我们努力确保每个排队的人都能买到板子。","我们仍然实行每人限购一件的规则,以确保所有排队的人都能买到所需的板子。","每位顾客限购一件的规则仍然存在,我们努力确保每个排队的人都能买到所需商品。",人手一个的规则仍然存在，因为我们试图确保每个排队的人都可以得到一个板。
126,"You can buy ONE of the boards listed above, not one of each.","您可以购买上述列出的其中一块板子,而不是每种都买一块。","您只能购买上述列出的其中一块板子,而不是每种都买一块。","您可以购买上述列出的任意一块板子,而不是每种都买一块。",你可以买上面列出的一种板，而不是每种各买一个。
127,Yesterday I had the best time with my friend and former rabbi colleague.,昨天我和我的朋友以及前任拉比同事度过了美好的时光。,昨天我和我的朋友以及以前的拉比同事度过了美好的时间。,昨天我和我以前的同事兼朋友度过了美好的时光。,昨天我和我的朋友也是之前的拉比同事玩得很开心。
128,We visited for a couple hours on my porch.,我们在我的门廊上待了几个小时。,我们在我家门廊上聊了几个小时。,我们在我的门廊上待了几个小时。,在我的走廊，我们一同度过了几个小时。
129,We all have stories to tell.,我们都有故事要讲。,我们都有故事可讲。,我们每个人都有自己的故事要讲述。,我们都有相告彼此的故事。
130,I quite like akkoma the software and the domain name I got for my instance.,"我很喜欢 akkoma 这个软件,以及我为我的实例获得的域名。","我挺喜欢 Akkoma 这个软件,以及我为自己的实例获得的域名。",我很喜欢 akkoma 这个软件以及我为自己的实例获得的域名。,我很喜欢 akkoma 软件还有我为我的实例申请的域名。
131,"But I feel somehow I started this instance on the wrong foot, so to speak.",但是我感觉我以某种方式开始了这个实例的错误步伐。,但我感觉这个情况从一开始就不太顺利。,但是我感觉在某种程度上我开始处理这件事的方式有些不对。,但我觉得不知何故，我一开始就走错了路，可以这么说。
132,Repnids have tunnelled below the surface and you fall into a boiling mass of hundreds of Repnid bodies in a cavern below.,"爬行动物已经在地表下挖掘隧道,你掉入了一个洞穴中,里面有数百只爬行动物的沸腾的身体。","你掉入了一个地下洞穴,里面挤满了数百只沸腾的Repnid生物。","你掉入了一个洞穴,里面有数百只沸腾的Repnid生物。",Repnid 在地表下挖了一条隧道，你掉进了下面的一个洞穴里，里面有一堆挤满整个洞穴的 Repnid 尸体。
133,"The end is swift, as several pairs of fangs inject their deadly venom and the air of Dyskra contaminates your lungs.","结局迅速,几对尖牙注入致命毒液,Dyskra的空气污染你的肺部。","几对尖牙注入了致命毒液,Dyskra的空气污染了你的肺部,结局迅速而致命。","你的生命将迅速结束,数对尖牙注入致命毒液,Dyskra的空气也污染了你的肺部。",很快就到结局了，几对尖牙喷射出致命的毒液，Dyskra 的空气污染了你的肺部。
134,"The eight-eyed Repnids seem to be watching, but they make no move towards you, in fact they are motionless as you walk slowly towards them.","八眼的Repnids似乎在观察着你,但他们没有向你移动,事实上当你缓慢地走向他们时,他们保持静止不动。","八眼的Repnids似乎在静静地注视着你,但它们一动不动,即使你缓缓走向它们。","八眼的生物似乎在观察着你,但它们没有向你移动,事实上当你缓慢地走向它们时,它们保持静止不动。",八眼 Repnid 似乎在看着你，但它们不会向你移动，事实上，当你慢慢走向它们时，它们是静止的。
135,"You decide that establishing contact again would be dangerous and return to your flyer, but the experience has cleared your mind which had been befuddled ever since you jumped into the future.","你决定再次建立联系会很危险,于是返回到你的飞船上,但这次经历使你的思维变得清晰,此前你跳入未来后一直处于困惑之中。","你决定再次接触太危险,于是返回到你的飞船上,但这次经历使你的思维变得清晰,此前你跳入未来后一直处于困惑状态。","你决定不再建立联系,因为这很危险,于是返回到你的飞行器上,但这次经历使你的思维变得清晰,此前你跳入未来后一直处于困惑之中。",你想到，再次建立沟通会很危险，然后你回到你的飞行器上，但是这一经历已经清除了你的头脑，自从你跳入未来以来，你的头脑一直是混乱的。
136,I started a new shawl.,我开始了一件新的披肩。,我开始编织一件新的披肩。,我开始编织一件新的披肩。,我开始做新披肩。
137,I am using a H hook with a similar double crochet pattern as I have done before.,"我正在使用一个H钩,采用与之前相似的双钩针图案。","我正在使用一个类似的钩针,采用与之前相同的双钩针图案。","我正在使用一个H形钩针,采用与之前类似的双钩针图案。",我用了一个 H 型钩，和我以前用过的类似的双钩针图案。
138,The literature class hatred is even worse: I love to read.,文学课的仇恨更加严重:我热爱阅读。,"文学课的仇恨更甚,我很喜欢读书。",我很喜欢阅读文学课的内容。,我对文学课的厌恶更不可一世：我喜欢读书。
139,Humanity is out in 5 days.,人类将在5天内走向终结。,人类将在5天内结束。,人类将在5天内离开。,《Humanity》五天后发布。
140,What will people think of it?,人们会怎么想它?,What do people think about it?,人们会怎么看这件事?,大家会怎么看？
141,Came home on my lunch break to see this sitting outside uwu.,"在午休时回到家里,看到这个坐在外面 uwu。","在午休时回到家里,看到这个摆放在外面。","我在午休时回到家,看到这个东西坐在外面。",我在午休时回到家，在威斯康辛大学外面看到这句话。
142,Wish I could take it back to work with me to setup more.,希望我能把它带回工作中设置更多。,"希望我能把它带回公司,以便进行更多的配置。","我希望能把它带回公司,好在那里进行更多的设置和配置。",希望我可以把它带回去和我一起工作，创造更多可能。
143,So I finally watched #Heartstopper,所以我终于看了《心动》,《Heartstopper》我终于看完了。,所以我終於看了《心動》,然后我终于观看了 #Heartstopper
144,"But it's important to not make excuses for issues and just fix them, especially in production when your lead needs changes.","但是重要的是不要为问题找借口,而是直接解决它们,特别是在生产环境中,当您的主管需要进行更改时。","但重要的是要解决问题,而不是找借口,尤其是在生产环境中,当主管需要变更时。","但重要的是要直接解决问题,尤其是在生产环境中,当主管需要进行更改时。",但重要的是，没有借口，只需去解决它，尤其是在生产中，你的领导要求改变时。
145,"Good critique is there to correct the problem quickly, and isn't directed at your ability.","好的批评是为了快速纠正问题,并不针对你的能力。","好的批评是为了快速解决问题,而不是针对你的能力。","好的批评是为了快速纠正问题,而不是针对你的能力。",好的评判是为了让你快速改变错误的做法，而不是针对你的能力。
146,These roots are hidden.,这些根是隐藏的。,这些根被隐藏了。,这些根是隐藏的。,这些根被隐藏起来。
147,Work is not visible.,工作是看不见的。,工作是无形的。,工作是不可见的。,工作看不到结果。
148,He waited until he was in the darkness of the bunk room before he pulled the note out and read it in a beam of light coming through the blackout curtains.,"他等到在宿舍的黑暗中,才拿出那张纸条,在遮光窗帘透进来的一束光线中读了它。","他等到在宿舍的黑暗中,才拿出纸条,在遮光窗帘透进来的一束光线下读了它。","他等到在宿舍的黑暗中,才拿出那张纸条,透过遮光窗帘的一束光线仔细读了它。",他一直在宿舍等到天黑，才抽出纸条，在透过遮光窗帘射进来的一束光线下读了起来。
149,I've met some marvelous new #Mastodon mates lately and want to maintain the trend.,"我最近遇到了一些了不起的新#Mastodon朋友,我想保持这种趋势。","我最近结识了一些出色的新Mastodon朋友,我希望能继续保持这种良好的趋势。","我最近结识了一些出色的新#Mastodon伙伴,我希望能保持这种趋势。",我最近新遇到一些非常厉害的 #Mastodon 伙伴，我想继续结识一些这样的人。
