index,source,zero_shot,single_agent,maats,reference
0,本文件按照 GB/T 1.1 一 202 久标准化工作导则第工部分:标准化文件的结构和起草规则的规定起惠。,This document is drafted in accordance with the provisions of Part 1 of the GB/T 1.1-202X Standardization Work Guidelines: Structure and Drafting Rules of Standardization Documents.,This document is drafted in accordance with the provisions of Part 1 of the GB/T 1.1-201X Standardization Work Guidelines: Structure and Drafting Rules of Standardization Documents.,"This document is drafted following the rules of the GB/T 1.1—2029 Standardization Work Guidelines, Part 1: Work Section, which covers the structure and drafting rules of standardization documents.","The rules in GB/T 1.1-202 are the establishment for this record, rules for Long-Term Standardization Work Segment II: Guidelines Record Structure and Composing Rules."
1,"在四字节编码区更改了18 个 GB/T 13000 代码位置(见附录 D,2005 年版的附录D);","18 GB/T 13000 code positions in the four-byte encoding area have been changed (see Appendix D, Appendix D of the 2005 edition);",18 GB/T 13000 code positions in the four-byte encoding area have been changed (see Appendix D of the 2005 edition).,"18, GB/T 13000 code positions in the four-octet encoding area have been changed (see Appendix D of the 2005 edition).","Within the four-byte coding range, 18 GB/T 13000 code places have changed (see Reference section D, Reference section D of the 2005 version);"
2,请注意本文件的某些内容可能涉及专利。 本文件的发布机构不承担识别专利的责任。,Please note that some content in this document may involve patents. The publishing organization of this document does not assume responsibility for identifying patents.,Please note that some content in this document may involve patents. The publishing organization of this document does not assume responsibility for identifying patents.,Please note that some content in this document may involve patents. The organization publishing this document does not assume responsibility for identifying patents.,Please be aware that this text may include references to patents in some places. This document's issuing agency disclaims any liability related to patent identification.
3,本文件及其所代替文件的历次版本发布情况为 :,The release history of this document and its previous versions is as follows:,The release history of this document and the documents it replaces is listed below:,"The release situation of this document and the documents it has replaced, along with their previous versions, is as follows:",The following describes the release status of earlier iterations of this document and the ones it replaces:
4,信息扩术 ”中文编码字符集,Information Expansion: Chinese Character Encoding Set,Information Technology: Chinese Character Encoding Standard,Expanding Information: The Chinese Encoded Character Set,Chinese CCC is an info expansion method
5,"本文件适用于为具备中文和其他文字图形字符信息化处理及交换功能的技术类产品,包括但不限于以输入法、光学字符识别 (OCR)、编辑 校对、机融翻诺、语音合成、文字转写、乔能写作等为代表的软件产品 , 以及以计算机、通信终端设备、电子书阅读毅、学习机等为代表的便件产品 。","This document applies to technical products with the capability to process and exchange information in Chinese and other written graphic characters. This includes, but is not limited to, software products such as input methods, optical character recognition (OCR), editing and proofreading, machine translation, speech synthesis, text transcription, and intelligent writing. It also includes hardware products such as computers, communication terminal devices, e-book readers, and learning machines.","This document applies to technical products with the capability to process and exchange information in Chinese and other written graphic characters, including, but not limited to, software products such as input methods, optical character recognition (OCR), editing and proofreading, machine translation and conversion, speech synthesis, text transcription, and intelligent writing, as well as hardware products such as computers, communication terminal devices, e-book readers, and learning machines.","This document applies to technical products with the capability to process and exchange information in Chinese and other written graphic characters. This encompasses, but is not limited to, software products such as input methods, optical character recognition (OCR), editing and proofreading, machine-aided translation, speech synthesis, text transcription, and intelligent writing, as well as portable hardware products including computers, communication terminal devices, e-book readers and educational devices.","This document covers technical products that process and exchange information in Chinese and other characters, including OCR, editing, translation, speech synthesis, and computer and communication equipment."
6,GB/T 2312 一 1980 ”信息交换用汉字编码字符集 ”基本集,"GB/T 2312-1980 ""Character Set for Information Exchange in Chinese"" Basic Set","GB/T 2312 1980 ""Character Set for Encoding Chinese Characters for Information Exchange"" Basic Set","GB/T 2312 – 1980 ""Chinese Character Encoding Character Set for Information Exchange"" Basic Set","Chinese character coded character set for information exchange, basic set, GB/T 2312-1980"
7,GB/I 11383 一 1989 信息 处理 ”信息交换用八位代码结构和编码规则,GB/T 11383-1989 Information Processing - 8-Bit Code Structure and Encoding Rules for Information Exchange,"GB/I 11383-1989 Information Processing ""8-bit code structure and encoding rules for information exchange""",GB/I 11383-1989 information processing - 8-bit code structure and encoding rules for information exchange,"Eight-bit code structure and coding guidelines for information sharing according to GB/I 11383-1989, ""Information processing"""
8,3.1 字符 character,3.1 字符 character,3.1 Character,3.1 Character.,3.1 Character character
9,使用符合本文件的产品的使用者可以自行规定的区域。,Users of products that comply with this document can designate their own specified areas.,Users of products that comply with this document can designate self-specified areas.,Users of products that comply with this document can specify their own self-designated areas.,a region that the user of a product that complies with this document may specify.
10,留作未来本文件规定的区 域 。,Reserved for the area specified in this document for the future.,Reserved for future use in the area specified in this document.,Reserved for future use in the area specified in this document.,Area set aside for this document's future provisions.
11,4 字汇,"The translation of ""4 字汇"" from Chinese to English is ""4-character phrases"" or ""four-character idioms.""","4-character phrases or ""four-character idioms""",Four-character expressions,4 Vocabulary
12,4.3 双字节部分,4.3 Double Byte Section,4.3 Double Byte Part,4.3 Double-Byte Section.,4.3 Double-byte part
13,双字节部分收录了 GB/T 2312 一 1980 中的全部图形字符 GB/T 13000 中的CJK 统一汉字以及部分图形字符。,"The double-byte section includes all graphic characters from GB/T 2312-1980, CJK Unified Ideographs from GB/T 13000, and some graphic characters.","The double-byte section includes all graphic characters from GB/T 2312-1980, CJK Unified Ideographs from GB/T 13000, and some graphic characters.","The double-byte section contains all graphic characters from GB/T 2312-1980, CJK Unified Ideographs from GB/T 13000, and some additional graphic characters.","All of the graphic characters in GB/T 2312-1980, CJK unified Chinese characters, and portions of the graphic characters in GB/T 13000 are included in the double-byte component."
14,"其中,表意文字描述符的图形、代码位置和功能应符合附录 B 的规定 。","The graphics, code positions, and functions of ideographic descriptors should comply with the provisions of Appendix B.","Among them, the graphics, code positions, and functions of ideographic descriptors should comply with the provisions of Appendix B.","The graphics, code positions and functions of ideographic character descriptors must adhere to the guidelines in Appendix B.","Among these, the Appendix B requirements must be followed for the graphics, code places, and functions of ideographic descriptors."
15,"具备独有抽象字形的汉字,赋予单独的代码位置;来源不同而抽象字形相同的汉字, 则赋予共用的代码位置。",Chinese characters with unique abstract glyphs are assigned individual code points; characters with the same abstract glyph but different origins are assigned a shared code point.,"Chinese characters with unique abstract glyphs are assigned individual code points, while characters with the same abstract glyph but different origins are assigned a shared code point.","Chinese characters with unique abstract glyphs are assigned individual code points, while characters with the same abstract glyph but different sources are assigned a shared code point.","Chinese characters with distinctive abstract glyphs are given their own code positions, while characters with the same abstract glyph but from various sources are given a similar code position."
16,4.4 四字节部分,4.4 Four-Byte Section,4.4 Four-Byte Part,4.4 Four-Character Part.,4.4 Four-byte part
17,四字节部分收录了上述双字节字符之外的 GB/T 13000 中的 66 个CJK统一汉字(9FA6 一 9FEF，不包括 9FB4~9FBB 的8个字符)、CJK 统一汉字扩充 A、CJK 统一汉字扩充 BCJK 统一汉字扩充 C、 CJK 统一汉字扩充 DCJK 统一汉字扩充下 .CJK 统一汉字扩充 F 和已经 在 GB/ 工 13000 中编码的少数民族文字的字符。,"The four-byte section includes 66 CJK Unified Ideographs from GB/T 13000 that are not part of the aforementioned double-byte characters (9FA6 to 9FEF, excluding 8 characters from 9FB4 to 9FBB), CJK Unified Ideographs Extension A, CJK Unified Ideographs Extension B, CJK Unified Ideographs Extension C, CJK Unified Ideographs Extension D, CJK Unified Ideographs Extension E, CJK Unified Ideographs Extension F, and characters of minority scripts that have already been encoded in GB/T 13000.","The four-byte section includes 66 CJK Unified Ideographs from GB/T 13000 that are not part of the aforementioned double-byte characters (9FA6 to 9FEF, excluding 8 characters from 9FB4 to 9FBB), CJK Unified Ideographs Extension A, CJK Unified Ideographs Extension B, CJK Unified Ideographs Extension C, CJK Unified Ideographs Extension D, CJK Unified Ideographs Extension E, CJK Unified Ideographs Extension F, and characters of minority scripts that have already been encoded in GB/T 13000.","The four-byte section includes 66 CJK Unified Ideographs from GB/T 13000 that are not included in the aforementioned double-byte characters (9FA6-9FEF, excluding 8 characters from 9FB4-9FBB), CJK Unified Ideographs Extension A, CJK Unified Ideographs Extension B, CJK Unified Ideographs Extension C, CJK Unified Ideographs Extension D, CJK Unified Ideographs Extension F, and characters of minority scripts that have already been encoded in GB/T 13000.","The text lists various Chinese characters in different standards, including GB/T 13000, .CJK unified character extensions A and C/D, and expansions."
18,"附录中凡编码的表示均采用十六进制,其他数字的表示均采用十进制。","In the appendix, all encoded representations are in hexadecimal, while other numerical representations are in decimal.","In the appendix, all encoded representations are in hexadecimal, while other numerical representations are in decimal.","In the appendix, all encoded representations are in hexadecimal; other numbers are represented in decimal.","The appendix's codes are all expressed in hexadecimal, while decimal is used for all other values."
19,6 字符的排列顺序,The order of arrangement for 6 characters.,The order of arrangement of 6 characters.,The arrangement order of 6 characters.,6 character character sort order
20,6.1 单字刷部分字符的排列顺序,6.1 Single-character brushing of the order of some characters,6.1 Arrangement order of individual characters in some parts,6.1 Single-character sorting of some characters' arrangement order,6.1 Character placement in single-character brushes: certain characters' order
21,单字记部分字符按照 GB/I 11383 一 1989 中相应字符的顺序排列 。,The single characters are arranged in the order of the corresponding characters in GB/I 11383-1989.,The single characters are arranged in the order of the corresponding characters in GB/I 11383-1989.,Single-character records of some characters are arranged according to the sequence of corresponding characters in GB/T 11383-1989.,Certain characters in single-character remarks are organized in the same sequence as their GB/I 11383-1989 counterparts.
22,7 码位分配,7-digit code allocation,7 code point allocation,7 code point allocation,7 Code point allocation
23,2.双字部分的码位分配,2. Code point allocation for the double-character section,2. Code point allocation for the double-byte section,2. Code point allocation for the two-character section.,Code distribution for double word section.
24,"双字节部分的码位安排分为 0x8140~ 一 0xFE7E 和 0x8180 一 0xFEFE 两部分, 共 23940 个码位。","The code point arrangement for the double-byte section is divided into two parts: 0x8140 to 0xFE7E and 0x8180 to 0xFEFE, with a total of 23,940 code points.","The code point arrangement for the double-byte section is divided into two parts: 0x8140 to 0xFE7E and 0x8180 to 0xFEFE, with a total of 23,940 code points.","The code point arrangement for the double-byte section is divided into two parts: 0x8140–0xFE7E and 0x8180–0xFEFE, comprising a total of 23940 code points.",The double-byte part's code bit layout is split into two sections with a combined 23940 code bits each: 0x8140-0xFE7E and 0x8180-0xFEFE.
25,双字节 1 区 : 846 码位,Double-byte Area 1: 846 code points,Double-byte Area 1: 846 code points,Zone 1 of the Double Byte Character Set: 846 code points.,Dual-byte region 1: 846 code syllables
26,首字节 0xA8~0xA9 双字节 5 区 : 192 码 位,"First byte 0xA8~0xA9, double byte, zone 5: 192 code positions","First byte 0xA8~0xA9; double byte, section 5: 192 code positions","The first byte ranges from 0xA8 to 0xA9, with double-byte encoding in section 5, providing 192 code positions.",The first byte 0xA8~0xA9 double-byte area 5: 192 yards
27,3.双字蔬部分编码空间结构图,3. Double-Character Vegetable Partial Encoding Spatial Structure Diagram,3. Dual-Character Vegetable Partial Encoding Spatial Structure Diagram,3 Two-Character Veggie partial encoding spatial structure diagram,3. Double-word vegetable diagram of partial encoding space
28,表 3 中没有指明的四字节人码位分配见 6.3。,The allocation of four-byte character code points not specified in Table 3 can be found in section 6.3.,The allocation of four-byte character code points not specified in Table 3 can be found in section 6.3.,The allocation of four-byte human code points not specified in Table 3 can be found in section 6.3.,See 6.3 for the task of four-byte human code focuses not indicated in Table 3.
29,表 3 四字闻部分的码位安排,Table 3: Code Point Arrangement for Four-Character Phrases in the Listening Section,Table 3: Code Point Arrangement for the Four-Character Listening Section,Table 3: Code Point Arrangement for Four-Character Idioms in the Listening Comprehension Section,Table 3 Course of action of code focuses within the four-character news portion
30,码位范围码位数字符数,"The translation of ""码位范围码位数字符数"" from Chinese to English is ""Code point range code point number of characters.""",Character count of code point range and code point number.,Number of characters in the code point range.,Code digit count and range
31,8 部分字符和代码的说明,Explanation of 8 parts of characters and codes,Explanation of characters and codes in 8 parts,Explanation of the eight parts of characters and codes.,Chars & Codes Explained
32,实现级别 1 文持本文件的单字节编码部分、双季节编码部分和四字下编玛部分的 CJK 统一汉字 ( 即 0x82358F33 一 0x82359636) 和 CJK 统一汉字扩A( 即 0x8139EE39 一 0x82358738) 。,"Translate the following from Chinese to English:

Implement level 1 support for the single-byte encoding section, double-byte encoding section, and four-byte encoding section of this document for CJK Unified Ideographs (i.e., 0x82358F33 to 0x82359636) and CJK Unified Ideographs Extension A (i.e., 0x8139EE39 to 0x82358738).","Implement level 1 support for the single-byte encoding section, double-season encoding section, and four-byte encoding section of this document for CJK Unified Ideographs (i.e., 0x82358F33 to 0x82359636) and CJK Unified Ideographs Extension A (i.e., 0x8139EE39 to 0x82358738).","Implement level 1 support for the single-byte encoding part, double-byte encoding part, and four-byte encoding part of this document for CJK Unified Ideographs, that is, 0x82358F33 to 0x82359636, and CJK Unified Ideographs Extension A, that is, 0x8139EE39 to 0x82358738.","Realize the single-byte coded parcel, double-season coded portion, and four-character subcoded parts of this record utilizing the CJK bound together Chinese characters (that is, 0x82358F33-0x82359636) and CJK bound together Chinese characters expanded A (that is, 0x8139EE39-0x82358738)."
33,"此外 ,实现级别 2 还文持《通用 规范 汉字 表 }中的没有包合在实级别 1 之内的编码汉字。","In addition, Level 2 also includes encoded Chinese characters from the ""Table of General Standard Chinese Characters"" that are not included in Level 1.","In addition, Level 2 also contains encoded Chinese characters from the ""Table of General Standard Chinese Characters"" that are not included in Level 1.","In addition, Implementation Level 2 also supports encoded Chinese characters from the ""Table of General Standard Chinese Characters,"" which are not part of Level 1.","The coded Chinese characters within the ""Common Detail Chinese Character Table,"" which are truant from the genuine level 1 execution, are moreover upheld."
34,"系统软件及支撑软件,应满足实现级别 2 的要求 。",System software and support software should meet the requirements of Level 2.,System software and support software should meet the requirements of Level 2.,System software and support software should meet the requirements of implementation level 2.,Framework computer program and assistant program must follow to level 2 benchmarks.
35,"注: 系统软件及文撑软件包括但不限于操作系统,数据库管理系统.中间件( 软件产品分类的信息见 GB/ 工 36475)。","Note: System software and application software include, but are not limited to, operating systems, database management systems, and middleware (for information on software product classification, see GB/T 36475).","Note: System software and supporting software include, but are not limited to, operating systems, database management systems, and middleware. (For information on software product classification, see GB/T 36475).","Note: System software and supporting software include but are not limited to operating systems, database management systems and middleware (for information on software product classification, see GB/T 36475).","Note: Working frameworks, database administration frameworks, and middleware are cases of framework program and supporting program. But they are not the as it were ones (see GB/Work 36475 for points of interest on computer program item classification)."
36,实现级别 3 包含实现级别 2。,Level 3 implementation includes Level 2 implementation.,Level 3 implementation includes Level 2 implementation.,The implementation of level 3 encompasses that of level 2.,Execution level 3 contains execution level 2.
37,用于政务服务和公共服务的产品应满足实现级卉 3 的要求。,Products used for government services and public services should meet the requirements of Level 3.,Products used for government services and public services should meet the requirements of Level 3 of implementation.,Products used for government services and public services should comply with Jihui level 3 requirements.,Things utilized for open and administrative administrations must follow to level 3 determinations.
38,附录 A (规范性 ),Appendix A (Normative),Appendix A Normative,Appendix A (normative),Reference section A (Regulating)
39,双字字符表,Double-character table,Double-byte character table,Double-Byte Character Table,twofold character table
40,A.2 表的说明,A.2 Table Description,A.2 Table Description,A.2 Description of the table,A.2 Clarification of the table
41,第一字节第二字节低位,"The first byte, the second byte, low-order bits.",The low-order bits of the first byte and the second byte.,The low byte of the first and second bytes.,The primary and moment bytes are moo
42,表意文字描述符,"The translation of ""表意文字描述符"" from Chinese to English is ""ideogram descriptor.""",Ideographic character descriptor,Ideographic Character Descriptor,Ideographic descriptor
43,表 B.1 表意文字描述符的图形、代码位置和功能描述,"Table B.1 Ideographic Descriptor Symbols, Code Positions, and Functional Descriptions","Table B.1 Ideographic Descriptor Symbols, Code Positions, and Functional Descriptions","Table B.1 Graphical Representations of Ideographic Descriptors, Code Positions, and Functional Descriptions","Table B.1 gives utilitarian, realistic, and code-location definitions of ideographic descriptors"
44,"本文件的码位 GB/T 13000 的码位功能描述相似而不等,用于借某字表达外字","The code points in this document are similar but not equal to the code point function descriptions in GB/T 13000, and are used to express foreign characters using certain characters.",The code points in this document are similar but not equal to the code point function descriptions in GB/T 13000 and are used to express foreign characters by borrowing certain characters.,The code points in this document are similar but not equal to the code point function descriptions in GB/T 13000 and are used to express foreign characters with certain characters.,"In terms of work portrayal, the code focuses in this report are comparable to those in GB/T 13000 and are utilized to communicate outside characters by appropriating a particular word"
45,全包围结构,"The translation of ""全包围结构"" to English is ""fully enclosed structure.""",All-encompassing structure.,All-encompassing structure,Completely encased structure
46,回右包围结构,"The phrase ""回右包围结构"" translates to ""right-enclosed structure"" in English.","The phrase ""回右包围结构"" translates to ""return right-enclosed structure"" in English.",,Back right encasing structure
47,回右上包围结构,The structure that encloses from the top right.,The structure with an enclosing design from the upper right.,A structure that encloses on three sides from the right and top.,Return to the upper right walled in area
48,C.1 表的内容,C.1 Table Contents,C.1 Contents of the Table,C.1 Table of Contents,C.1 Substance of the table
49,D.1 调整过的 18 个GB/T 13000 代码位置,D.1 Adjusted 18 GB/T 13000 code positions,D.1 Adjusted positions of 18 GB/T 13000 codes,D.1 Revised 18 GB/T 13000 code locations,18 GB/T 13000 code places were balanced in D.1
50,本文件及 GB 18030 一 2005 的GB 18030 一 2005 对应的本文件对应的GB/T 工 13000 码位,The document and GB 18030-2005 correspond to the GB/T 13000 code points in this document.,This document and GB 18030-2005 correspond to the GB/T 13000 code points specified in this document.,This document and GB 18030-2005 correspond to the code points of GB/T 13000 in this document.,The GB/T 13000 code point related to this record is this archive and GB 18030-2005
51,D.2 在双字闻区删除的 6 个汉字构件,D.2 Six Chinese character components removed in the double-character recognition area,D.2 Six components of Chinese characters were removed in the dual-character identification area.,D.2 Six Chinese character components removed in the Double-Character Area,"D.2 Within the Shuangzi Wen locale, six Chinese character components have been expelled"
52,D.3 在双字下区删除的 9 个 CJK 兼容汉字,D.3 The 9 CJK compatibility characters removed from the double-byte lower area,D.3 The 9 CJK compatibility characters removed from the subarea of double-byte characters,D.3 The nine CJK compatibility characters removed from the Lower Zone of Double-Byte Characters,D.3 Lower Twofold Word Region Evacuated 9 CJK Compliant Chinese Characters
53,表 D.3 删除的 9 个 CJK 兼容汉字和它们的代码位置,Table D.3 Deleted 9 CJK Compatibility Ideographs and Their Code Positions,Table D.3 9 Deleted CJK Compatibility Ideographs and Their Code Positions,Table D.3 Nine Deleted CJK Compatibility Han Characters and Their Code Positions.,Table D.3: Code Areas for the Expelled Nine CJK Compliant Chinese Characters
54,附录开 (资料性)《通用规范汉字表》 汉字的代码位置,"Appendix Open (Informational) ""Table of General Standard Chinese Characters"" Code Positions of Chinese Characters","Appendix (Informational) ""Table of General Standard Chinese Characters"" Positions of Chinese Character Codes","Informational Appendix: General Standard Chinese Characters Table, Chinese Characters' Code Positions","Open reference sections (instructive) Chinese characters' ""Common Standard Chinese Character List"" code positions"
55,"本文件收录了 2013 年中华人民共和国国务院批准发布的 4 通用规范汉字表》 中的全部 8105 个规范汉字,它们的代码位置和字形见表1。","This document includes all 8,105 standardized Chinese characters from the ""Table of General Standard Chinese Characters"" approved and published by the State Council of the People's Republic of China in 2013. Their code positions and glyphs are shown in Table 1.","This document includes all 8,105 standardized Chinese characters from the ""Table of General Standard Chinese Characters"" approved and published by the State Council of the People's Republic of China in 2013, with their code positions and glyphs shown in Table 1.","This document includes all 8105 standardized Chinese characters from the ""Table of General Standard Chinese Characters,"" which was approved and published by the State Council of the People's Republic of China in 2013. Table 1 shows their code positions and glyphs.","This archive incorporates all 8,105 standardized Chinese characters from the 2013 discharge of the People's Republic of China's State Council's Fourth Common Standardized Chinese Character List, their code areas and glyphs are recorded in Table 1."
56,GB/ 工 36475 软件产品分类,GB/T 36475 Software Product Classification,GB/ 36475 Software Product Classification,GB/工 36475 Software Product Classification,GB/Work 36475 Computer program Item Classification
57,"如果发现手册页和软件之间有所矛盾,请查对Info","If you find any discrepancies between the manual page and the software, please refer to the Info documentation.","If you find any discrepancies between the manual page and the software, please check the Info documentation.","If you find any discrepancies between the manual page and the software, please check the Info documentation.",Check the Data area in the event that you find a contrast between the man page and the program
58,源文件后级名指出语言种类以及后期的操作:,The file extension of the source file indicates the type of language and subsequent operations.,The file extension of the source file indicates the language type and subsequent operations.,The source file's extension indicates the language type and later operations.,The dialect sort and ensuing operations are shown by the post-level title of the source record:
59,".c C 源程序; 预处理, 编译,汇编",".c C source program; preprocessing, compiling, assembling",".c C source program; preprocessing, compiling, and assembling",".c C source code; preprocessing, compilation, and assembly",".C source code that does preprocessing, compilation, and gathering"
60,".m Objective-C 源程序; 预处理,编译,汇编",".m Objective-C source code; preprocessing, compiling, assembling",".m Objective-C source program; preprocessing, compiling, assembling",".m Objective-C source program, preprocessing, compilation, and assembly","Preprocessing, compilation, and gathering for the.m Objective-C source program"
61,".i 预处理后的 c 文件;编译,汇编","Preprocessed .c files; compile, assemble","Preprocess the .c files, then compile and assemble them.","Preprocess .c files, then compile and assemble.","Preprocessing, compilation, and gathering for the.m Objective-C source program"
62,.a 归档库文件(Archive file),Archive file,.a Archive file,The .a archive file,.a File record (Document record)
63,"除非使用了 -cec，-s, 或 -E 选项(或者编译错误阻止了完整的过程),否则连接总是最后的步骤.","Unless the -cec, -s, or -E options are used (or a compilation error prevents the complete process), linking is always the final step.","Unless the -cec, -s, or -E options are used (or a compilation error prevents the complete process), connection is always the final step.","Unless the -cec, -s, or -E options are used (or a compilation error prevents the complete process) linking in the software compilation process always comes last.","Within the nonattendance of the -cec, -s, or -E choices, connecting is continuously the final step (or compilation blunders avoid the total prepare)."
64,选项必须分立给出 : de ' 完全不同于 `-d -r '.,The options must be given separately: completely different from `-d -r`.,The options must be given separately: distinct from `-d -r`.,Options must be provided separately: distinctly from '-d -r'.,"Parameters must be indicated separately since ""de"" and ""-d -r"" are totally diverse."
65,这里只列举不是默认选项的格式.,Only non-default formats are listed here.,Only non-default formats are listed here.,"Here, only the non-default options are listed.","Here, as it were designs that are not among the standard choices are recorded."
66,总体选项 (Overall Option),Overall Option,Overall Option,General options,In general Choice
67,明确指出后面输入文件的语言为 language (而不是从文件名后绥得到的默认选择).,"Explicitly specify that the language of the input file is ""language"" (rather than the default choice derived from the file extension).","Explicitly specify that the language of the input file is ""language"" (rather than the default choice derived from the file extension).","Explicitly specify that the language of the subsequent input file is ""language"" (rather than the default choice derived from the file extension).",Demonstrate clearly that dialect is the dialect of any extra input records (rather than the default choice from the conclusion of the filename).
68,"关闭任何对语种的明确说明, 因此依据文件名后级处理后面的文件 RE AS E ` -x' 选项).","Close any explicit language specifications, and then process the subsequent files based on the file name suffix (using the `-x' option).","Disable any explicit language specifications, and then process the subsequent files based on the file name suffix (using the ""-x"" option).","Close any explicit language specifications related to file processing, and then process the files based on the file name suffix.","To guarantee that taking after records are handled in agreement with the record title RE AS E ""-x"" choice, cripple any express dialect determination."
69,"如果只操作四个阶段( 预处理, 编译, 汇编, 连接)中的一部分, 可以使用 ` -x' 选项 (或文件名后 Ah) 告诉 geo 从哪里开始,用 `~-c' ，`-s' ,或 `-E' 选项告诉 geo 到哪里结束.注意,某些选项组合 (例如 ，`-x cpp-output -E') {i gee MEF =c 编译或汇编源文件, ETER. ERA ATI 缺省情况下， GCC 通过用 ` .o' 蔡换源文件名后级 ` .ec 标文件名. 可以使用-o 选项选择其他名字.GCC忽略 -ec 选项后面任何无法识别的输入文伯 -S F 何事情.","If you only want to perform a portion of the four stages (preprocessing, compiling, assembling, linking), you can use the `-x` option (or append Ah to the filename) to tell the compiler where to start, and use the `-c`, `-s`, or `-E` options to tell it where to stop. Note that certain combinations of options (such as `-x cpp-output -E`) will not compile or assemble the source file. By default, GCC replaces the source filename extension with `.o` for object files. You can use the `-o` option to choose a different name. GCC ignores any unrecognized input following the `-ec` option and does nothing.","If you only want to perform a portion of the four stages (preprocessing, compiling, assembling, linking), you can use the -x option (or append Ah to the filename) to specify where to start, and use the -c, -s, or -E options to specify where to stop. Note that certain combinations of options (such as -x cpp-output -E) will not compile or assemble the source file. By default, GCC replaces the source filename extension with .o for object files. You can use the -o option to choose a different name.","If you only want to perform a portion of the four stages (preprocessing, compiling, assembling, linking), you can use the `-x` option (or append `.a.h` to the filename) to tell GCC where to start and use the `-c`, `-s`, or `-E` options to tell it where to stop. Note that certain combinations of options (such as `-x cpp-output -E`) will not compile or assemble the source file. By default, GCC replaces the source filename extension with `.o` for object files. You can use the `-o` option to choose a different name. GCC ignores any unrecognized input following the `-x` option and does nothing.","You'll be able utilize the ""-x"" choice (or Ok taking after the record title) to tell Geo where to begin in the event that you fair work a parcel of the four phases (preprocessing, compilation, get together, and connecting). You'll utilize the “-c,” “-s,” or the “-E” alternative to tell Geo where to end, be mindful that a few choices, such “-x cpp-output -E,” cause MEF to break even with 0, ETER, compile or put together source records. ATI Period GCC substitutes the source record title by default with "".o"" and "".ec."" The -o alternative permits the choice of extra names, after the -ec alternative, GCC overlooks any unrecognized input content. -S F anything."
70,"编译后即停止, 不进行汇编件.","Stop after compilation, do not proceed to assembly.","Stop after compilation, do not proceed to the assembly stage.",Stop immediately after compilation. Do not proceed to the assembly stage.,Stops after compilation and does not perform get together.
71,"在编译过程的不同阶段间使用管道而非临时文件进行工作, 因为那些系统的汇编器不能从管道读取数据，GNU 的汇编器没有这个问题，汇编器能够接受的 C ""方言 "": 支持符合 ANSI 标准的 C 程序.","Use pipelines instead of temporary files between different stages of the compilation process, as the assemblers on those systems cannot read data from pipelines. The GNU assembler does not have this issue. The assembler can accept C ""dialects"" that support ANSI standard-compliant C programs.","Use pipelines instead of temporary files between different stages of the compilation process, as the assemblers on those systems cannot read data from pipelines, but the GNU assembler does not have this problem. The assembler can accept C dialects that comply with ANSI standard C programs.","Use pipelines instead of temporary files between stages of the compilation process because assemblers on those systems cannot read data from pipelines. The GNU assembler does not have this issue. The assembler can accept a C ""dialect"" that is compliant with the ANSI standard.","Since the constructing agents on those frameworks cannot examined from channels, utilize channels instead of brief records to move between the different compilation stages, this issue does not exist within the GNU constructing agent, constructing agents can utilize C ""lingos"" that bolster ANSI-compliant standard C programs."
72,"正常情况下, 这样的函数 foo 在 C++ 中意味着参数为空.","Under normal circumstances, a function like `foo` in C++ implies that the parameter is null.","Under normal circumstances, a function like `foo` in C++ implies that the parameter is empty.","Under normal circumstances, a function like `foo` in C++ means that the parameter is empty.","In C++, a function like foo often indicates that the argument is empty."
73,"详见NU c 手册,我们已经把细节删除, 这样当内容过时后, 人们也不会 HERI.","See the NU c manual for details. We have removed the specifics so that when the content becomes outdated, people won't HERI.","See the NU c manual for details. We have removed the specifics so that when the content becomes outdated, people won't be confused.","See the NU c manual for details. We have removed the specifics so that when the content becomes outdated, people won't be affected.",Subtle elements can be found within the NU c handbook; we evacuated them so that perusers wouldn't HERI when the data was not pertinent.
74,他和`-Ethis-is-variable' 选项的果一样.,He is the same as the result of the `-Ethis-is-variable` option.,He is similar to the outcome of the `-Ethis-is-variable` option.,"He is similar to the outcome of the ""-Ethis-is-variable"" option.","It has the same impact as the ""-Ethis-is-variable"" alternative."
75,#NAME?,#NAME?,-traditional-cpp attempts to support certain aspects of the traditional C preprocessor.,-traditional-cpp attempts to support certain features of the traditional C preprocessor.,#NAME?
76,"相对应的, 如果编译时使用缺省选项 ` -fno-exteznal-templates', 所有模板实例明确的设为内置.","Correspondingly, if the default option `-fno-external-templates' is used during compilation, all template instances are explicitly set to be built-in.","Correspondingly, if the default setting `-fno-external-templates' is used during compilation, all template instances are explicitly set to be built-in.","Correspondingly, if the default option `-fno-external-templates' is used during compilation, all template instances are explicitly set as internal.","Hence, all format occasions are expressly indicated as built-ins when compiling with the default ""-fno-exteznal-templates"" choice."
77,"有些情况下, 编译器能够判断出可以直接调用某个虚函数; 这时就直接调用.","In some cases, the compiler can determine that a particular virtual function can be called directly; in such instances, it calls it directly.","In some cases, the compiler can determine that a particular virtual function can be called directly; in such instances, it calls it directly.","In some cases, the compiler can determine that a certain virtual function can be called directly, and in such cases, it is called directly.","A virtual work may once in a while be able to be called specifically in case the compiler decides it can; in this case, it'll be."
78,这种表达式的值是 Void.-fthis-—is-variable 允许对 this 赋值 (仅对 c++).,The value of this expression is Void. -fthis-—is-variable allows assignment to this (only for C++).,The value of this expression is Void. -fthis-is-variable allows assignment to this (only for C++).,This expression evaluates to void. The compiler flag -fthis-is-variable allows assignment to this (only for C++).,Such an expression incorporates a esteem of Void. Task to typically permitted (as it were in C++) utilizing the hail -fthis—is-variable.
79,"这个选项, 和它的反义选项, 使那样的程序工作在对应的默认值上.","This option, along with its opposite option, makes such programs operate on the corresponding default values.","This option, along with its opposite option, enables such programs to operate based on the corresponding default values.",This option and its opposite option enable such programs to operate on their respective default values.,This choice and its inverse constrain the identical default behavior for that program.
80,"如果没有明确声明 ` signed' 或 ""unsigned'修饰符, 这些选项用来定义有符号位域 (bitfield) 或无符号位域.","If there is no explicit declaration of the `signed` or `unsigned` modifier, these options are used to define signed bitfields or unsigned bitfields.","If there is no explicit declaration of the ""signed"" or ""unsigned"" modifier, these options are used to define signed bitfields or unsigned bitfields.",These options are used to define signed or unsigned bitfields only when there is no explicit declaration of the 'signed' or 'unsigned' modifier.,These alternatives are utilized to characterize marked or unsigned bitfields in case no “signed” or “unsigned” modifiers are explicitly given.
81,"这是为了兼容一些老程序,他们算改字符串常量是一个非常糟糕的想法、`-traditional' 选项也有相同效果.",This is to be compatible with some old programs that consider modifying string constants to be a very bad idea. The `-traditional' option has the same effect.,This is to be compatible with some old programs; they consider modifying string constants to be a very bad idea. The `-traditional' option has the same effect.,"This is to ensure compatibility with some old programs, which regard the modification of string constants as a very bad idea. The `-traditional` option has the same effect.","Typically done to guarantee compatibility with more seasoned applications that do not think it's a great thought to alter string constants, the same result is accomplished utilizing the “-traditional” choice."
82,其影响可能类似于2008年的经济危机,Its impact could be similar to the 2008 economic crisis.,Its impact could be similar to that of the 2008 economic crisis.,Its impact might be akin to that of the 2008 economic crisis.,The impacts can be comparable to the monetary emergency of 2008
83,在许多国家，这一疾病己使医疗服务机构穷于应付，几近崩溃，各国政府实施的限制措施已在全球经济中造成了严重紊乱。,"In many countries, this disease has overwhelmed healthcare services, bringing them close to collapse. The restrictions implemented by governments have caused severe disruptions in the global economy.","In many countries, this disease has already overwhelmed healthcare services, bringing them close to collapse. The restrictions implemented by governments have caused severe disruptions in the global economy.","In many countries, this disease has left healthcare services struggling to cope, bringing them close to collapse, and the restrictions implemented by governments have caused significant turmoil in the global economy.","The affliction has disabled wellbeing frameworks in a few countries to the point of collapse, and government confinements have seriously disturbed the world economy."
84,一些生产者可能会被迫寻找新的方法来制造毒品，因为限制流动的同时也限制了前体和基本化学品的获取。,Some producers may be forced to find new ways to manufacture drugs because restricting movement also limits access to precursors and essential chemicals.,Some producers may be forced to find new ways to manufacture drugs because restricting movement also limits access to precursors and essential chemicals.,"Some producers may be forced to find new ways to manufacture drugs, as the restrictions on movement simultaneously limit access to precursors and essential chemicals.","Due to the constrained get to to antecedents and essential chemicals caused by development confinements, certain makers may be obliged to create modern strategies of medicine generation."
85,一些国家有大量毒品通过商业航班走私，预计这些国家的贩毒活动受到的直接影响最大。,"Some countries have a large amount of drugs smuggled through commercial flights, and it is expected that the drug trafficking activities in these countries will be directly affected the most.","Some countries have a large amount of drugs smuggled through commercial flights, and it is expected that the drug trafficking activities in these countries will be directly affected the most.","Some countries have a large amount of drugs smuggled through commercial flights, and it is expected that these countries' drug trafficking activities will be most directly impacted.",Nations where noteworthy sums of opiates are snuck on commercial flights are expected to be most extremely affected.
86,世界各地的吸毒现象一直在增多，无论是从总体数字还是从吸毒者在世界人口中所占比例来看都是如此。,"The phenomenon of drug use has been increasing worldwide, both in terms of overall numbers and the proportion of drug users within the global population.","The phenomenon of drug use has been increasing worldwide, both in terms of overall numbers and the proportion of drug users within the global population.","The phenomenon of drug abuse has been increasing worldwide, both in terms of the total number of users, and their proportion within the global population.",Both the outright number of individuals utilizing drugs and the rate of the worldwide populace utilizing drugs have been rising.
87,"这在一定程度上反映了这一期间总体人口增长的差异、发达国家为7%,发展中国家为28%但也反映了发展中国家年 轻人口增长较快。","This reflects, to a certain extent, the differences in overall population growth during this period, with developed countries at 7% and developing countries at 28%. It also indicates the faster growth of the young population in developing countries.","This reflects, to a certain extent, the differences in overall population growth during this period, with developed countries at 7% and developing countries at 28%, and it also indicates the faster growth rate of the young population in developing countries.","This somewhat reflects the differences in overall population growth during this period, with developed countries at 7 % and developing countries at 28 %. It also indicates the faster growth of young people in developing countries.","This to some degree reflects the reality that worldwide populace development amid the time shifted between industrialized and creating nations, at 7% and 28%, separately, but it moreover reflects the more youthful populaces in poorer nations developing more rapidly."
88,青少年和年轻成年人在吸毒者中所占比例最大。,Teenagers and young adults make up the largest proportion of drug users.,Teenagers and young adults make up the largest proportion of drug users.,Teenagers and young adults constitute the largest group among drug users.,Youthful individuals and young people account for the larger part of sedate clients.
89,无论是发达国家还是发展中国家，城市地区的吸毒情况都多于农村地区。,"Whether in developed or developing countries, drug use is more prevalent in urban areas than in rural areas.","Whether in developed or developing countries, drug use is more prevalent in urban areas than in rural areas.","Whether in developed or developing countries, the situation of drug use is more common in urban areas compared to rural areas.","Urban zones are more likely than country ones to have a sedate issue, both in created and creating countries."
90,吸毒情况总体增多的部分原因是人口从农村向城镇的大规模流动一目前全世界人口有一半以上生活在城市地区，而1960年这一比例为34%。,"The overall increase in drug use is partly due to the large-scale migration of people from rural areas to urban areas. Currently, more than half of the world's population lives in urban areas, compared to 34% in 1960.","The overall increase in drug use is partly due to the large-scale migration of people from rural areas to urban areas; currently, more than half of the world's population lives in urban areas, compared to 34% in 1960.","The overall increase in drug use is partly due to the large-scale flow of people from rural areas to urban areas, and currently, more than half of the world's population lives in urban areas, compared to 34% in 1960.","More than half of the world's populace presently lives in urban locales, up from 34% in 1960, and this colossal relocation from rustic to urban regions is to a great extent to fault for the common rise in sedate utilize."
91,城市化可能是毒品市场未来动态的一个关键因素，特别是在城市化趋势更为突出的发展中国家。,"Urbanization may be a key factor in the future dynamics of the drug market, especially in developing countries where the trend of urbanization is more prominent.","Urbanization may be a key factor in the future dynamics of the drug market, especially in developing countries where the trend of urbanization is more prominent.","Urbanization may be a key factor in the future dynamics of the drug market, especially in developing countries where urbanization trends are more pronounced.","Urbanization may play a critical part within the dynamics of sedate markets within the future, especially in developing countries where urbanization is more articulated."
92,来自少数几个国家的数据表明，有害的吸毒模式与病症同低收入之间存在联系。,Data from a few countries suggest that harmful drug use patterns and disorders are linked to low income.,Data from a few countries suggest that harmful drug use patterns and disorders are linked to low income.,Data from a few countries suggest that patterns of harmful drug use and related disorders are linked to low income.,"Moo pay and unsafe medicate utilize designs and conditions are related, agreeing to information from a little number of countries."
93,这些模式在较富裕的社会阶层似乎不太常见。,These patterns seem to be less common in the more affluent social classes.,These patterns seem to be less common in the more affluent social classes.,These patterns seem to be less common among the affluent social classes.,These patterns appear to be less predominant among financial classes with more prominent riches.
94,新冠肺炎或将导致毒品市场进一步扩张新冠肺炎的大流行可能会导致更多农民增加或从事非法作物种植，或是因为国家主管机关的控制能力降低，或是因为在经济危机之下可能有更多人不得不铤而走险，从事非法活动。,"The COVID-19 pandemic may lead to further expansion of the drug market. The pandemic could result in more farmers increasing or engaging in the cultivation of illegal crops, either due to the reduced control capacity of national authorities or because more people might be forced to take risks and engage in illegal activities amidst the economic crisis.","The COVID-19 pandemic may lead to further expansion of the drug market, as it could result in more farmers increasing or engaging in the cultivation of illegal crops, either due to the reduced control capacity of national authorities or because more people might be forced to take risks and engage in illegal activities amidst the economic crisis.","The COVID-19 pandemic may lead to further expansion of the drug market. The pandemic could result in more farmers turning to or increasing the cultivation of illegal crops, either due to the diminished control capacity of national authorities, or because more people might be forced to take desperate measures and engage in illegal activities amidst the economic crisis.","The pharma showcase seem develop encourage as a result of COVID-19, got to take chances and do illegal things."
95,会员国的国内市场每年约有500种新型活性物质。,The domestic markets of member countries have approximately 500 new active substances each year.,The domestic markets of member countries introduce approximately 500 new active substances each year.,The collective domestic market of member countries introduces approximately 500 new active substances annually.,"On the residential showcase of Part States, around 500 modern dynamic chemicals are presented each year."
96,"在2014年确定的新型精神活性物质种类总数中，类阿片新型精神活性物质仅占2%,但到2018年，这一数字己上升至9%。","In the total number of new psychoactive substances identified in 2014, opioid-type new psychoactive substances accounted for only 2%. However, by 2018, this figure had risen to 9%.","In the total number of new psychoactive substances identified in 2014, opioid-type new psychoactive substances accounted for only 2%. However, by 2018, this figure had already risen to 9%.","Opioid-type new psychoactive substances accounted for only 2% of the total number identified in 2014, but by 2018, this figure had already risen to 9%.","In 2014, opioid NPS made up fair 2% of all NPS found; by 2018, this extent had expanded to 9%."
97,类阿片新型精神活性物质中有许多是芬太尼的类似物，其药效和危害已得到证明，在北美导致了过量死亡事件，其他区域也有，但程度较轻。,"Many of the new psychoactive substances in the opioid category are analogs of fentanyl, whose potency and harmful effects have been proven. They have led to overdose deaths in North America, and although they are present in other regions, the impact is relatively less severe.","Many of the opioid-like new psychoactive substances are analogs of fentanyl, whose potency and harmful effects have been proven. They have led to overdose deaths in North America, and although they are present in other regions, the impact is relatively less severe.","Many of the new psychoactive substances in the opioid category are analogs of fentanyl, with both their potency and harmful effects well-established; they have led to overdose deaths in North America, and although they are present in other regions, the impact is less severe.","Overdose passing from NPS opioids, numerous of which are fentanyl analogs, have been reported in North America and, to a lesser degree, abroad."
98,在北美，芬太尼有的用作海洛因和其他毒品（包括可卡因和甲基苯丙胺）的掺杂剂，有的用来制造假冒的药用类阿片。,"In North America, fentanyl is sometimes used as an adulterant in heroin and other drugs (including cocaine and methamphetamine), and sometimes used to manufacture counterfeit medicinal opioids.","In North America, fentanyl is sometimes used as an adulterant in heroin and other drugs (including cocaine and methamphetamine), and sometimes used to manufacture counterfeit medicinal opioids.","In North America, fentanyl is sometimes used as an adulterant in heroin and other drugs (including cocaine and methamphetamine) and sometimes used to produce counterfeit opioids.",Fentanyl is utilized in North America to create fake pharmaceutical painkillers or as a doping specialist for heroin and other substances like cocaine and methamphetamine.
99,2新型精神活性物质的使用可能会逐渐牢固存在于弱势群体中,The use of new psychoactive substances may gradually become entrenched among vulnerable groups.,The use of new psychoactive substances may gradually become entrenched among vulnerable groups.,The use of two new psychoactive substances may gradually become firmly established among vulnerable groups.,2 Modern psychoactive sedate utilize seem ended up broadly acknowledged in vulnerable communities
100,贩毒者和制毒者一直在寻找替代品一不仅有管制较松的物质，还有专门为规避管制而设计的化学品，即所谓的“特制前体”。,"Drug traffickers and manufacturers have been constantly seeking alternatives—not only substances that are less regulated but also chemicals specifically designed to evade regulation, known as ""designer precursors.""","Drug traffickers and manufacturers have been constantly seeking alternatives—not only substances that are less regulated but also chemicals specifically designed to evade regulation, known as ""designer precursors.""","Drug traffickers and manufacturers have been constantly seeking alternatives, not limited to less regulated substances but also including chemicals specifically designed to evade regulation, known as ""designer precursors.""","Medicate makers and traffickers are continually investigating for substitutes, counting not as it were less entirely controlled drugs but moreover substances made intentioned to urge over existing directions, or ""architect antecedents."""
101,旨在阻止新冠肺炎传播的限制性措施很可能使依赖前体化学品的制毒者受到进一步挤压。,Restrictive measures aimed at preventing the spread of COVID-19 are likely to further pressure drug manufacturers who rely on precursor chemicals.,Restrictive measures aimed at preventing the spread of COVID-19 are likely to further pressure drug producers who rely on precursor chemicals.,Restrictive measures aimed at preventing the spread of COVID-19 are likely to put further pressure on drug producers who rely on precursor chemicals.,Medicate producers who depend on antecedent chemicals would certainly feel the impacts of prohibitive measures planning to halt the spread of COVID-19.
102,来自墨西哥的证据表明，这已经成为 现实：据报告，2020年3月，从东亚进口的甲基苯丙胺前体短缺促使墨西哥和美国的甲基苯丙胺价格上涨。,"Evidence from Mexico suggests that this has become a reality: It was reported that in March 2020, a shortage of methamphetamine precursors imported from East Asia led to an increase in methamphetamine prices in Mexico and the United States.","Evidence from Mexico suggests that this has become a reality: It was reported that in March 2020, a shortage of methamphetamine precursors imported from East Asia led to an increase in methamphetamine prices in Mexico and the United States.",Evidence from Mexico suggests that this is now a reality: evidence from March 2020 indicates that a shortage of methamphetamine precursors imported from East Asia led to an increase in methamphetamine prices in Mexico and the United States.,"Information from Mexico infers that this is often as of now the case: in Walk 2020, Mexico and the Joined together States detailed cost rises for methamphetamine due to deficiencies of forerunners provided from East Asia."
103,阿富汗和伊拉克甲基苯丙胺市场增长,The methamphetamine market in Afghanistan and Iraq is growing.,The methamphetamine market in Afghanistan and Iraq is growing.,The methamphetamine market is expanding in Afghanistan and Iraq.,Showcase development for methamphetamine in Afghanistan and Iraq
104,最近，伊拉克当局发现了多个甲基苯丙胺加工点，麻管局已对伪麻黄碱制剂的大批进口表示关切一甲基苯丙胺加工点将这些制剂用作前体。,"Recently, Iraqi authorities have discovered multiple methamphetamine processing sites. The narcotics control bureau has expressed concern over the large importation of pseudoephedrine preparations, which are being used as precursors at these methamphetamine processing sites.","Recently, Iraqi authorities have discovered multiple methamphetamine processing sites. The Narcotics Control Bureau has expressed concern over the large importation of pseudoephedrine preparations, which are being used as precursors at these methamphetamine processing sites.","Recently, Iraqi authorities have discovered multiple methamphetamine processing sites. The Anti-Narcotics Authority has expressed concern over the large importation of pseudoephedrine preparations, which are used as precursors in these methamphetamine processing sites.","The Board has voiced stress with respect to the importation of critical sums of pseudoephedrine arrangements, which are utilized as antecedents by methamphetamine research facilities, in light of the later disclosure of methamphetamine research facilities by Iraqi specialists."
105,自那时起，甲基苯丙胺的缉获量一直在稳步上升。,"Since then, the seizure of methamphetamine has been steadily increasing.","Since then, the seizure of methamphetamine has been steadily increasing.","Since then, methamphetamine seizures have been steadily increasing.","Since at that point, methamphetamine seizures have been steadily expanding."
106,但2019年上半年的缉获量一^657公斤——与上一年相比大幅骤增。,"However, the amount seized in the first half of 2019 was 657 kilograms, which is a significant increase compared to the previous year.","However, the amount seized in the first half of 2019 was 657 kilograms—a significant increase compared to the previous year.","However, 657 kilograms were seized in the first half of 2019, representing a significant and sudden increase over the previous year.","But compared to the earlier year, seizures within the to begin with half of 2019 come to 657kg, a noteworthy increment."
107,在美国最早通过立法的两个州科罗拉多州和华盛顿州，成年人非医疗使用大麻的情况增加，特别是过去一个月以及每天或几乎每天使用的情况增多，自2012年起便已超过了全国平均水平。,"In the two states that were the first to pass legislation in the United States, Colorado and Washington, the non-medical use of marijuana among adults has increased, particularly in terms of usage in the past month and daily or almost daily use. Since 2012, these levels have surpassed the national average.","In the two states that were the first to pass legislation in the United States, Colorado and Washington, the non-medical use of marijuana among adults has increased, particularly in terms of usage in the past month and daily or almost daily use, and since 2012, these levels have immediately surpassed the national average.","In the two states that were the first to legalize non-medical marijuana use in the United States, Colorado and Washington, the non-medical use of marijuana among adults has increased, particularly with regard to usage over the past month and daily or almost daily use. Since 2012, these levels have surpassed the national average.","Grown-up non-medical pot utilize has surged, particularly within the past month, and day by day or nearly every day utilize has surpassed the national normal since 2012 in Colorado and Washington, two of the primary US states to endorse laws."
108,全球大麻药草缉获量暴跌的背后原因是大麻合法化？,Is the reason behind the sharp decline in global cannabis seizures the legalization of marijuana?,Is the reason behind the sharp decline in global cannabis seizures the legalization of marijuana?,Is the cause of the sharp decline in global cannabis herb seizure volume the legalization of cannabis?,Is the sharp decrease in worldwide seizures of pot herb due to cannabis legalization?
109,对新型精神活性物质的监管似乎有遏制作用在国内对新型精神活性物质的监管效果仍然很难评估。,"The regulation of new psychoactive substances seems to have a deterrent effect, but it is still difficult to assess the effectiveness of such regulation domestically.","The regulation of new psychoactive substances seems to have a deterrent effect, but it remains difficult to assess the effectiveness of such regulation domestically.","The regulation of new psychoactive substances appears to have a restraining effect, but assessing the effectiveness of such regulation domestically remains challenging.","NPS control shows up to have a dissuasive impact, it is still challenging to assess the household control of NPS."
110,一些对新型精神活性物质采用不同监管制度的国家显示出不同的新型精神活性物质使用流行率。,Some countries that adopt different regulatory systems for new psychoactive substances show varying prevalence rates of new psychoactive substance use.,Some countries that adopt different regulatory systems for new psychoactive substances show varying prevalence rates of new psychoactive substance use.,"Some countries that adopt different regulatory systems specifically for new psychoactive substances, exhibit different rates of new psychoactive substance use.",The predominance of NPS utilize changes among a few countries with particular NPS administrative systems.
111,在另一些国家，通过国内立法后，新型精神活性物质使用情况有所减少。,"In some other countries, the use of new psychoactive substances has decreased after domestic legislation was enacted.","In some other countries, the use of new psychoactive substances has decreased after domestic legislation was enacted.","In certain other countries, the use of new types of psychoactive substances has decreased as a result of domestic legislation being enacted.","With the sanctioning of household enactment, the utilize of NPS has diminished in different countries."
112,"据估计，低收入和中等收入国家的人口占全球人口的88%,但消费的药用类阿片却不到10%。","It is estimated that the population of low- and middle-income countries accounts for 88% of the global population, but they consume less than 10% of medicinal opioids.","It is estimated that the population of low- and middle-income countries accounts for 88% of the global population, but they consume less than 10% of medicinal opioids.","It is estimated that the population of low- and middle-income countries makes up 88 % of the global population; however, they consume less than 10 % of opioids for medical use.","In spite of the fact that moo- and middle-income countries are thought to be domestic to 88% of the world's populace, they as it were utilize 10% of all pharmaceutical opioids."
113,获取药用类阿片的障碍与许多因素有关，包括立法、文化、卫生系统和处方做法。,"The obstacles to obtaining medicinal opioids are related to many factors, including legislation, culture, healthcare systems, and prescribing practices.","The obstacles to obtaining medicinal opioids are related to many factors, including legislation, culture, healthcare systems, and prescribing practices.","There are many factors related to the obstacles in obtaining opioids for medical use, including legislation, culture, healthcare systems, and prescribing practices.","Enactment, culture, healthcare frameworks, and endorsing hones are some of the numerous components that might make obstructions to getting to pharmaceutical opioids."
114,全球范围的有限数据表明，迷醉可能是杀人的一个重要因素。,Limited data worldwide suggest that intoxication may be an important factor in killings.,Limited data worldwide suggest that intoxication may be an important factor in killings.,Limited data worldwide suggest that being mesmerized or entranced may play a significant role in homicides.,"Inebriation may play a critical part in crime, agreeing to constrained information from around the world."
115,据估计，2018年使用大麻的有 1.92 亿人，使之成为全球使用最多的毒品。,"It is estimated that in 2018, 192 million people used cannabis, making it the most widely used drug in the world.","It is estimated that in 2018, 192 million people used cannabis, making it the most widely used drug in the world.","It is estimated that in 2018, 192 million people used cannabis, thus making it the most widely used drug globally.",Cannabis was the top substance used globally in 2018 by 0.192 billion people.
116,"在2017年与吸毒病症有关的估计167,000例死亡中，有66%是这类物质造成的，在据信为吸毒导致的残疾或过早死亡而损失的2,100万年寿命中，有50%是这类物质造成的。","In the estimated 167,000 drug-related deaths in 2017, 66% were caused by this type of substance. Of the 21 million years of life lost due to disability or premature death believed to be caused by drug use, 50% were attributed to this type of substance.","In the estimated 167,000 deaths related to drug-related disorders in 2017, 66% were caused by this type of substance. Of the 21 million years of life lost due to disability or premature death believed to be caused by drug use, 50% were attributed to this type of substance.","In the estimated 167,000 drug-related deaths in 2017, 66% were caused by this type of substance. In the 21 million years of life lost due to disability or premature death believed to result from drug use, 50% were attributed to this type of substance.","50 percent of the 21 million years of life thought to have been lost to drug-related disability or premature death in 2017 and 66 percent of the projected 167,000 deaths from drug use disorders were attributed to substances, Resulting from chemicals."
117,兴奋剂领域以可卡因和甲基苯丙胺为主，这两种物质在其主要市场的使用量都在上升。,"In the field of stimulants, cocaine and methamphetamine are predominant, and the use of these two substances is increasing in their main markets.","In the field of stimulants, cocaine and methamphetamine are predominant, and the use of these two substances is increasing in their main markets.","In the stimulant category, cocaine and methamphetamine are predominant and the use of these two substances is increasing in their main markets.","Cocaine and methamphetamine, which both have rising use in their key areas, dominate the stimulant market."
118,在一些市场上，可卡因和甲基苯丙胺可以共存，有时是相互替代，这样一种药物的使用量上升时另一种药物的使用量就下降，有时是同时增加和减少以满足同一市场的需求。,"In some markets, cocaine and methamphetamine can coexist and sometimes serve as substitutes for each other. When the use of one drug increases, the use of the other decreases, and sometimes both increase or decrease simultaneously to meet the demand of the same market.","In some markets, cocaine and methamphetamine can coexist and sometimes serve as substitutes for each other; when the use of one drug increases, the use of the other decreases, and sometimes both increase or decrease simultaneously to meet the demand of the same market.","In some markets, cocaine and methamphetamine can coexist and sometimes serve as substitutes for each other. When the use of one drug increases, the use of the other decreases, and sometimes both increase or decrease simultaneously to meet the same market demand.","Cocaine and methamphetamine can coexist in some markets, occasionally substituting for one another, causing the use of one drug to climb while the usage of the other lowers, or occasionally both rising and falling to satisfy demand in the same market."
119,2017年，因吸毒死亡的约有 58.5万人，其中一半死于丙型肝炎引起的肝病，而注射吸毒者的丙型肝炎大多仍未得到治疗。,"In 2017, approximately 585,000 people died from drug use, with half of them dying from liver disease caused by hepatitis C. Most cases of hepatitis C among injection drug users remain untreated.","In 2017, approximately 585,000 people died due to drug use, with half of them dying from liver disease caused by hepatitis C. Most cases of hepatitis C among injection drug users remain untreated.","In 2017, approximately 58.5 million people died from drug use, with half of them dying from liver disease caused by hepatitis C, and most injection drug users with hepatitis C have not received treatment.","Half of the estimated 0.585 million drug-related deaths in 2017 were attributable to liver illness brought on by hepatitis C, which is largely untreated among injecting drug users."
120,使用说明书,Instruction manual,User manual,User Manual,User's Manual
121,将耳帐斜向下轻轻塞入耳道，以轻摆头部耳机不田动为家。,"Gently insert the earbud diagonally downward into the ear canal, and slightly tilt your head to ensure the earphone stays in place.","Gently insert the earbud diagonally downward into the ear canal, and slightly tilt your head to ensure the earphone remains securely in place.","Gently insert the earbud diagonally downward into the ear canal, and slightly tilt your head to keep the earbud from moving.","Gently insert the ear tents downwardly into the ear canal, then gently swing your head to move the earphones."
122,充电开机使用前，请先撕掉左右耳机充各点处的网几，将充电盒及耳机充满电。,"Before turning on and using the device, please first remove the protective mesh from the charging points on both earphones, and fully charge the charging case and earphones.","Before turning on and using the device, please first remove the protective mesh from the charging points on both earphones, and fully charge the charging case and earphones.","Before using the device, please first remove the mesh covering each charging point on both earphones and fully charge the charging case and earphones.","Please remove the nets from the left and right earphone charging points before charging and using, and charge the charging box and headphones completely before using."
123,充电盒未充满电充电指示灯红灯长亮，充满电后充电:3 指示灯熄灭。,"When the charging case is not fully charged, the charging indicator light stays red. Once fully charged, the charging indicator light turns off.","When the charging case is not fully charged, the charging indicator light stays red. Once fully charged, the charging indicator light marked ""3"" turns off.","When the charging case is not fully charged, the indicator light stays red. When fully charged, the indicator light turns off.","The charging indication light on the charging box is not yet fully charged, the red light is on, and when it is, the charging indicator light: 3 is off."
124,自动连接: 局对移两只耳机从充时盒外十.,Automatic connection: The two earbuds will connect automatically when removed from the charging case.,Automatic connection: The two earbuds will automatically connect when removed from the charging case.,Automatic connection. The two earbuds will connect automatically once removed from the charging case.,Connect automatically by alternating between the two earbuds in the charging box up to 10.
125,随后红和白灯恢六. 左右囊如自过串联 .,"The translation of the text you provided is: ""Then the red and white lights return to six. The left and right pouches are connected in series.""","Then, the red and white lights are restored to normal, and the left and right pouches are connected in sequence.","Subsequently, the red and white lights revert to six positions, and the left and right compartments are connected in series.",The red and white lights return to six at that point. A network of connections connects the left and right capsules.
126,"待左/右耳机白灯懈 闪时. 打开设备否牙搜索 “RedmIArDots2 ""并点击完连溶。","When the white light on the left/right earbud flashes, turn on the Bluetooth on your device, search for ""Redmi AirDots 2,"" and click to complete the connection.","When the white light on the left/right earbud stops flashing, turn on the Bluetooth on your device, search for ""Redmi AirDots 2,"" and click to connect.","Wait until the white light on the left/right earbud stops flashing, then turn on the Bluetooth on your device, search for ""Redmi AirDots 2,"" and click to connect.","Activate the device, find ""RedmIArDots2."" and connect by tapping when the earphones flash white."
127,首次连接后. 囊志开机可自动回连上一次配对设备(蓝牙需开启)。,"After the first connection, the device will automatically reconnect to the last paired device when powered on (Bluetooth needs to be enabled).","After the first connection, the Nangzhi device will automatically reconnect to the last paired device when powered on (Bluetooth needs to be enabled).","After the first connection, the device's memory will automatically reconnect to the last paired device when the device is turned on, provided Bluetooth is enabled.",Nangzhi auto-reconnects to previous device on Bluetooth enablement.
128,"单耳 / 双耳自由切换; 两只耳机连接成功后即为双丁连接; 将任一耳机放回充电盒关机, 另一只耳机进入单耳模式, 重新取出即可自动恢复双耳模式 。","Single-ear / dual-ear free switching; once both earbuds are successfully connected, they are in dual-ear mode. If you put either earbud back into the charging case, it will turn off, and the other earbud will enter single-ear mode. Taking it out again will automatically restore dual-ear mode.","Single-ear / dual-ear free switching; once both earbuds are successfully connected, they are in dual-device connection mode. If you put either earbud back into the charging case, it will turn off, and the other earbud will enter single-ear mode. Taking it out again will automatically restore dual-ear mode.","Single-ear / two-ear free switching. Once both earbuds are successfully connected, they enter dual connection. If you put either earbud back into the charging case, it will turn off. The other earbud will enter single-ear mode. Taking it out again automatically restores two-ear mode.","You can freely switch between using one ear or both; once the two earphones are connected, they will have a double connection; if you put one earphone back into the charging box to turn it off, the other earphone will switch to the single ear mode; if you take it out again, it will switch back to the binaural mode."
129,如果耳机无法正常连接使用，请参照以下方式重置,"If the headphones are not connecting properly, please reset them using the following method.","If the headphones are not connecting properly, please reset them according to the following method.","If the headphones are not connecting properly, please follow the steps below to reset them.",Refer to the following techniques to reset the headset
130,耳机: 将耳机拿出充电盒， 在关机状态下， 分别长按两只耳机多功能键15 秒 ，至红白灯交替闪烁3 次后，松开并放回充电盒即可(清除耳机与手机的连授记录)。,"Headphones: Take the headphones out of the charging case. When they are powered off, press and hold the multifunction button on both headphones for 15 seconds until the red and white lights flash alternately three times. Then release and place them back in the charging case (this will clear the pairing records between the headphones and the phone).","Headphones: Take the headphones out of the charging case. When they are powered off, press and hold the multifunction button on both headphones for 15 seconds until the red and white lights flash alternately three times. Then release and place them back in the charging case (this will clear the pairing records between the headphones and the phone).","Headphones: Take the headphones out of the charging case. When they are powered off, press and hold the multifunction button on both headphones for 15 seconds until the lights flash red and white alternately three times; then release and place them back in the charging case (this will clear the connection records between the headphones and the phone).","Take out earbuds, hold multi-function buttons for 15 secs when lights flash, without earphones, insert headphones after releasing buttons into charging box, awards list."
131,本严操的相关信息请查询销售网 : www micom,"For information related to Yan Cao, please visit the sales website: www.micom","For information related to Yan Cao, please check the sales website: www.micom","For related information, please check the sales network: www. micom",Visit www micom for Yan operation sales network info
132,"以下功能左右耳机均可操作, 轻按一下来电时，接听电话; 通话或去电中，挂断电话音乐时，播放 /暂停音频 ,长按约1 秒释放","The following functions can be operated with both the left and right earphones: Press once during an incoming call to answer the call; during a call or outgoing call, hang up the call. When listening to music, play/pause audio by pressing and holding for about 1 second and then releasing.","The following functions can be operated with both the left and right earphones: Press once during an incoming call to answer the call. During a call or outgoing call, hang up the call. When listening to music, press and hold for about 1 second to release and play/pause audio.","The following functions can be operated with both the left and right earphones: Lightly press once during an incoming call to answer the call, during a call or outgoing call, hang up the call. When listening to music, press and hold for about 1 second, then release to play/pause audio.","Earbuds control features, answer calls, hang up, play/halt music, long press for one second to release,"
133,待机时， 开启语音助手(需设备支持语音功能且打开快速唤醒设置),"When in standby mode, activate the voice assistant (requires the device to support voice functionality and have the quick wake-up setting enabled).","When in standby mode, activate the voice assistant (requires the device to support voice functionality and have the quick wake-up setting enabled).","When in standby mode, turn on the voice assistant, which requires the device to support voice functionality and have the quick wake-up setting enabled.",Turn on the voice assistant while it is in standby (the device needs to support the voice function and turn on the fast wake-up setting)
134,耳机基本参数,Earphone Basic Specifications,Earphone Basic Parameters,Basic Headphone Specifications,Basic headphone specifications
135,输入参数:5V 二 100mA,Input parameters: 5V and 100mA,Input parameters: 5V 2 100mA,"Input parameters: 5V, 2, 100mA",Input parameters: 5V 2 100mA
136,单耳净重: 约 4.1g,Net weight of a single earbud: approximately 4.1g,Net weight per ear: approximately 4.1g,The net weight of a single earbud is approximately 4.1 g.,Net weight: 4.1g/ear
137,"1 请勿以任何理由拆开.维修或改装耳机, 否则可能会导致起火甚至彻底损坏本产品;","1. Please do not disassemble, repair, or modify the headphones for any reason, as this may cause a fire or even completely damage the product.","1. Please do not disassemble, repair, or modify the headphones for any reason, as this may cause a fire or even completely damage the product.","Please do not disassemble, repair, or modify the headphones, as this may cause a fire or even completely damage the product for any reason.","Do not alter or remove the headset, it may cause fire or damage."
138,"4 请勿在雷暴天气下使用该设备, 雷暴可导致设备工作异常, 并增加触电的危险;","4. Please do not use this device during thunderstorms, as thunderstorms can cause the device to malfunction and increase the risk of electric shock.","4. Please do not use this device during thunderstorms, as thunderstorms can cause the device to malfunction and increase the risk of electric shock.",4. Please do not use this device during thunderstorms; they can cause the device to malfunction and increase the risk of electric shock.,4 Avoid using the device during thunderstorms as they may result in irregular device operation and raise the danger of electric shock;
139,6 请勿将本产品与液体接触。,6. Please do not expose this product to liquids.,6. Please do not expose this product to liquids.,6. Please avoid contact with liquids for this product.,6 Don't let liquids touch this product.
140,注意,Attention,Note,Please pay attention.,Note:
141,"3 长时间连续使用耳机有损听力,请合理控制使用时间及音量 ;","Prolonged use of headphones can damage hearing, so please reasonably control the usage time and volume.","Prolonged use of headphones can damage hearing, so please control the usage time and volume reasonably.","Prolonged continuous use of headphones can damage hearing, so please manage your usage time and volume sensibly.",3 Please limit the amount of time and volume that you wear headphones to avoid damaging your hearing;
142,"2 自您签收次日起 8 日-15日内, 本产品出现《Redmi AirDots 2 ee E 故障表》所列性能故障的情况, 经由小米售后服务中心检测确 定, 可","From the 8th to the 15th day after you sign for the product, if the product exhibits any performance issues listed in the ""Redmi AirDots 2 ee E Fault Table,"" and these issues are confirmed by a Xiaomi after-sales service center, you may...","Between the 8th and 15th day after you receive the product, if the product exhibits any performance issues listed in the ""Redmi AirDots 2 ee E Fault Table,"" and these issues are confirmed by a Xiaomi after-sales service center, you may be eligible for a replacement or repair.","From the day after you sign for the product, if within the 8th to 15th day the product exhibits any performance issues listed in the ""Redmi AirDots 2 Fault Table,"" and these issues are confirmed by a Xiaomi after-sales service center, then...","2 If there is a performance issue within 8-15 days of receipt noted in the ""Redmi AirDots 2 EE Fault List,"" Xiaomi's after-sales service center will confirm and fix the problem"
143,电牙耳机 ”2 通话过程中，对方听不到声音。,"Bluetooth headset 2: During a call, the other party cannot hear any sound.","Wireless headset issue 2: During a call, the other party cannot hear any audio.","Electric earphone 2: During a call, the other party cannot hear any sound.","mouthpiece headset ""2 The other party on a call is unable to hear the sound."
144,2 已超过三包有效期;,2. Has exceeded the warranty period.,2. Has exceeded the validity period of the three guarantees.,2. Has exceeded the Three Guarantees period.,2 Has outlived the three promises' periods of validity;
145,欧盟峰会为难民政策争论，欧盟官员：接收过程步步瓶颈-中新网,"EU Summit Debates Refugee Policy, EU Official: Reception Process Faces Bottlenecks - China News Service","EU Summit Debates Refugee Policy, EU Official: Reception Process Faces Bottlenecks - China News Service","EU Summit Struggles with Refugee Policy, EU Official: Reception Process Faces Ongoing Bottlenecks","EU faces admission obstacles in refugee policy talks, says Chinanews com"
146,欧盟峰会为难民政策争吵不休，欧盟官员：接收过程每一步都存在瓶颈,"EU summit embroiled in disputes over refugee policy, EU official: There are bottlenecks at every step of the reception process.","EU summit embroiled in disputes over refugee policy, EU official: There are bottlenecks at every step of the reception process.","EU summit engaged in disputes over refugee policy, EU official: Bottlenecks occur at every stage of the refugee reception process.",Conflicts over refugee policy at the EU summit amongst EU officials; obstacles at every stage of the admission process
147,据报道，欧盟此举是对欧洲日益增长的非法移民问题关注的回应，如今，欧盟的核心问题在于，最终能被遣返的非法移民人数很少。,"According to reports, this move by the EU is a response to the growing issue of illegal immigration in Europe. Currently, the core issue for the EU is that only a small number of illegal immigrants can ultimately be deported.","According to reports, this move by the EU is a response to the growing issue of illegal immigration in Europe. Currently, the core issue for the EU is that the number of illegal immigrants who can ultimately be deported is very small.","According to reports, this move by the EU is a response to the growing issue of illegal immigration in Europe. Currently, the core issue for the EU is that only a small number of illegal immigrants are ultimately deported.","The EU's action, according to reports, is a reaction to growing worries over illegal immigration in Europe, which is now the main cause of the EU's poor deportation rate of illegal immigrants."
148,冯德莱恩一再表示，欧盟资金不会支付相关费用。,Von der Leyen has repeatedly stated that EU funds will not cover the related costs.,Von der Leyen has repeatedly stated that EU funds will not cover the related costs.,Von der Leyen has repeatedly stated that EU funds will not cover the associated costs.,"The expenditures will not be covered by EU funding, according to Von der Leyen."
149,据欧盟委员会估计，欧盟的申根国家去年收到超92万份庇护申请，比前一年增加近半。,"According to estimates by the European Commission, the Schengen countries of the European Union received over 920,000 asylum applications last year, an increase of nearly half compared to the previous year.","According to estimates by the European Commission, the Schengen countries of the European Union received over 920,000 asylum applications last year, an increase of nearly half compared to the previous year.","According to estimates by the European Commission, the Schengen countries of the European Union received over 920,000 asylum applications last year; an increase of nearly 50% from the previous year.","According to estimates from the European Commission, the Schengen member states of the EU received more than 920,000 asylum claims in 2017—a nearly 50% rise from the year before."
