index,original,translated,design_and_markup_annotation
0,The hacked up version of Jedi Knight was crashing because it was calling a function off the end of a vtable.,"Взломанная версия Jedi Knight вылетала, потому что вызывала функцию за пределами vtable.","```
MQM annotations:
design and markup errors:
Critical: design_and_markup/markup_tag - None
Major: design_and_markup/markup_tag - None
Minor: design_and_markup/markup_tag - None
```

There are no design and markup errors in the provided translation segment. The translation does not contain any markup tags, malformed HTML characters, or emoji format changes that differ from the source text."
4,But this is not universally true; for those cases it matters what interface you are using to create the object in question.,"Но это не всегда верно; в таких случаях имеет значение, какой интерфейс вы используете для создания данного объекта.","```
MQM annotations:
design and markup errors:
Critical: design_and_markup/markup_tag - None
Major: design_and_markup/markup_tag - None
Minor: design_and_markup/markup_tag - None
```"
5,"So anyway, since it does hold true here, to fix it I had to extend my viewport implementation to contain the IDirect3DViewport3 methods so that the call to the new one was valid.","Итак, поскольку это действительно так, чтобы исправить это, мне пришлось расширить реализацию моего окна просмотра, чтобы она содержала методы IDirect3DViewport3, чтобы вызов нового метода был допустим.","```
MQM annotations:
design and markup errors:
Critical: design_and_markup/markup_tag - None
Major: design_and_markup/markup_tag - None
Minor: design_and_markup/markup_tag - None
``` 

There are no design and markup errors in the provided translation. The translation maintains the integrity of the original content without introducing any markup or design issues."
6,"Suppose for the sake of argument that science at least in part consists of lists of objectively factual statements about the world, true apart from any theory they might support.","Предположим, ради аргумента, что наука, по крайней мере частично, состоит из списков объективно фактических утверждений о мире, истинных независимо от любой теории, которую они могут поддерживать.","```
MQM annotations:
design and markup errors:
Critical: design_and_markup/markup_tag - None
Major: design_and_markup/markup_tag - None
Minor: design_and_markup/markup_tag - None
```"
9,"The experiments don't create the facts on this reading, but the choice of which experiments to conduct controls which facts are discovered.","Эксперименты не создают факты в этом прочтении, но выбор, какие эксперименты проводить, определяет, какие факты будут обнаружены.","```
MQM annotations:
design and markup errors:
Critical: design_and_markup/markup_tag - None
Major: design_and_markup/markup_tag - None
Minor: design_and_markup/markup_tag - None
``` 

The translation provided does not contain any design or markup errors. There are no malformed markup tags, incorrect emoji formats, or malformed HTML characters in the target text."
11,This is a very brief sketch of a plausible argument that theories of capitalism influencing the actual content of science are consistent with theories asserting the existence of objective scientific facts.,"Это очень краткий набросок правдоподобного аргумента о том, что теории капитализма, влияющие на фактическое содержание науки, согласуются с теориями, утверждающими существование объективных научных фактов.","```
MQM annotations:
design and markup errors:
Critical: design_and_markup/markup_tag - None
Major: design_and_markup/markup_tag - None
Minor: design_and_markup/markup_tag - None
```

In this case, there are no design and markup errors in the translation provided. The source and target texts do not contain any markup tags, HTML characters, or emojis that could lead to design and markup issues."
13,Going to be my first project car.,Станет моим первым проектным автомобилем.,"```
MQM annotations:
design and markup errors:
Critical: no-error
Major: no-error
Minor: no-error
```"
16,Already on coil overs and lowered ride height.,Уже на койловерах и с заниженной высотой дорожного просвета.,"```
MQM annotations:
design and markup errors:
Critical: design_and_markup/markup_tag - None
Major: design_and_markup/markup_tag - None
Minor: design_and_markup/markup_tag - None
``` 

There are no design and markup errors in the provided translation. The translation does not contain any markup tags, malformed HTML characters, or emoji format changes, so no annotations are necessary."
20,#Venting into the Fediverse time.,#Выпуск пара в Федивёрс время.,"```
MQM annotations:
design and markup errors:
[Minor]: [markup_tag/emoji_format] - The hashtag format in the target text does not match the source text. The source uses ""#Venting"" while the translation uses ""#Выпуск"", which is a transliteration rather than a direct match of the hashtag format.
```"
22,"When we went to check out, the cashier is a fairly obvious #trans woman.","Когда мы пошли на кассу, кассиром оказалась довольно очевидная транс-женщина.","```
MQM annotations:
design and markup errors:
Minor: MARKUP TAG - The hashtag symbol (#) in the source text is not represented in the target text, which could affect the intended emphasis or categorization of the term ""trans woman.""
```"
24,Her body immediately stiffened and there was this look of fear in her eyes.,"Её тело мгновенно напряглось, и в глазах появился страх.","```
MQM annotations:
design and markup errors:
Critical: design_and_markup/markup_tag - None
Major: design_and_markup/markup_tag - None
Minor: design_and_markup/markup_tag - None
``` 

There are no design and markup errors in the translated text. The translation maintains the integrity of the source text without any markup or emoji discrepancies."
25,And then we just... paid for our stuff.,А потом мы просто... заплатили за наши вещи.,"```
MQM annotations:
design and markup errors:
Critical: design_and_markup/markup_tag - None
Major: design_and_markup/markup_tag - None
Minor: design_and_markup/markup_tag - None
``` 

In this case, there are no design and markup errors in the translation. The translation correctly reflects the source text without any issues related to markup tags or emoji formats."
28,The smile of relief on her face was a great feeling but the fact that she was scared first FUCKING SUCKS AND I HATE IT.,"Улыбка облегчения на её лице была замечательным чувством, но тот факт, что сначала она была напугана, ПРОСТО ОТВРАТИТЕЛЕН, И Я НЕНАВИЖУ ЭТО.","```
MQM annotations:
design and markup errors:
Critical: no-error
Major: no-error
Minor: no-error
```

In this translation, there are no design and markup errors related to markup tags, malformed HTML characters, or emoji formats. The translation maintains the integrity of the original text's design and markup."
32,But he can't pardon himself out of state prison.,Но он не может помиловать себя из тюрьмы штата.,"```
MQM annotations:
design and markup errors:
Critical: design_and_markup/markup_tag - None
Major: design_and_markup/markup_tag - None
Minor: design_and_markup/markup_tag - None
```"
33,It takes the state's governor.,Это зависит от губернатора штата.,"```
MQM annotations:
design and markup errors:
Critical: design_and_markup/markup_tag - None
Major: design_and_markup/markup_tag - None
Minor: design_and_markup/markup_tag - None
```

In this case, there are no design and markup errors in the translation. The source text does not contain any markup tags, HTML characters, or emojis that could lead to design and markup errors in the target text."
36,NY is the best hope for accountability,Нью-Йорк — лучшая надежда на привлечение к ответственности.,"```
MQM annotations:
design and markup errors:
Critical: no-error
Major: no-error
Minor: no-error
```"
37,There is significant evidence that real-world communication cannot be reduced to sending signals with context-independent meaning.,"Существует значительное количество доказательств того, что реальная коммуникация не может быть сведена к передаче сигналов с независимым от контекста значением.","```
MQM annotations:
design and markup errors:
Critical: design_and_markup/markup_tag - None
Major: design_and_markup/markup_tag - None
Minor: design_and_markup/markup_tag - None
``` 

There are no design and markup errors in the provided translation segment. The translation does not contain any markup tags, malformed HTML characters, or changes in emoji formats that would require annotation."
40,"At the same time, we study the environmental conditions and cognitive capabilities that enable contextual disambiguation of symbol meanings.","В то же время мы изучаем условия окружающей среды и когнитивные способности, которые позволяют контекстуально разрешать неоднозначность значений символов.","```
MQM annotations:
design and markup errors:
Critical: design_and_markup/markup_tag - None
Major: design_and_markup/markup_tag - None
Minor: design_and_markup/markup_tag - None
```"
45,I really enjoyed catching up with Penny and Nicholas from Ashanti Development at the weekend for a chat about their progress.,Мне очень понравилось пообщаться с Пенни и Николасом из Ashanti Development на выходных и обсудить их успехи.,"```
MQM annotations:
design and markup errors:
Critical: design_and_markup/markup_tag - None
Major: design_and_markup/markup_tag - None
Minor: design_and_markup/markup_tag - None
```

There are no design and markup errors in the provided translation. The text does not contain any markup tags, HTML characters, or emojis that could be malformed or incorrectly formatted."
48,I was fortunate enough to spend a memorable six months alongside Nicholas in 2011 supporting a range of projects.,"Мне посчастливилось провести незабываемые шесть месяцев вместе с Николасом в 2011 году, поддерживая ряд проектов.","```
MQM annotations:
design and markup errors:
Critical: design_and_markup/markup_tag - None
Major: design_and_markup/markup_tag - None
Minor: design_and_markup/markup_tag - None
```"
51,"Nicholas is working with farmers to reduce pesticide use while finding ways to address the issues caused by climate change and pests such as fall armyworm, which can devastate maize crops.","Николас работает с фермерами над сокращением использования пестицидов, одновременно находя способы решения проблем, вызванных изменением климата и вредителями, такими как гусеница совки, которая может уничтожать посевы кукурузы.","```
MQM annotations:
design and markup errors:
Critical: design_and_markup/markup_tag - None
Major: design_and_markup/markup_tag - None
Minor: design_and_markup/markup_tag - None
```

In this case, there are no design and markup errors in the translation. The source and target texts do not contain any markup tags, malformed HTML characters, or emoji discrepancies that would require annotation."
53,The UPS store near me won't allow me to write a label or write on the box.,Магазин UPS рядом со мной не позволяет мне писать этикетку или писать на коробке.,"```
MQM annotations:
design and markup errors:
Critical: design_and_markup/markup_tag - None
Major: design_and_markup/markup_tag - None
Minor: design_and_markup/markup_tag - None
```"
55,They won't allow me to tell them the address it's going to and who is shipping it.,"Они не позволят мне сообщить им адрес, куда это отправляется, и кто отправляет.","```
MQM annotations:
design and markup errors:
Critical: design_and_markup/markup_tag - None
Major: design_and_markup/markup_tag - None
Minor: design_and_markup/markup_tag - None
```"
57,"And they always to charge me $2.25 for that ""convenience"".","И они всегда берут с меня $2.25 за это ""удобство"".","```
MQM annotations:
design and markup errors:
Minor: markup tag - The quotation marks around ""convenience"" in the source text are straight quotes, while in the target text, they are curly quotes. This is a minor design inconsistency.
```"
64,The ratings--seeking delusional irresponsibility of it all.,Рейтинго-ищущая бредовая безответственность всего этого.,"```
MQM annotations:
design and markup errors:
Critical: no-error
Major: no-error
Minor: no-error
```"
65,It can't be repeated.,Это нельзя повторить.,"```
MQM annotations:
design and markup errors:
Critical: design_and_markup/markup_tag - None
Major: design_and_markup/markup_tag - None
Minor: design_and_markup/markup_tag - None
```"
66,"I have a very drafty basement, which essentially means I can get a lot of rodents taking refuge.","У меня очень сквозистый подвал, что, по сути, означает, что там может укрываться много грызунов.","```
MQM annotations:
design and markup errors:
Critical: design_and_markup/markup_tag - None
Major: design_and_markup/markup_tag - None
Minor: design_and_markup/markup_tag - None
```"
67,"There have been a lot of signs of more rodents this past month or so, which has been exceptionally surprising as it's spring and I would have thought they would venture outdoors with the change in weather.","За последний месяц или около того появилось много признаков увеличения числа грызунов, что было особенно удивительно, так как сейчас весна, и я бы подумал, что с изменением погоды они отправятся на улицу.","```
MQM annotations:
design and markup errors:
Critical: design_and_markup/markup_tag - None
Major: design_and_markup/markup_tag - None
Minor: design_and_markup/markup_tag - None
```"
71,"(fwiw, I've tried nearly every ""humane"" trap on the market with very little success.","Кстати, я пробовал почти все ""гуманные"" ловушки на рынке, но с очень небольшим успехом.","```
MQM annotations:
design and markup errors:
Minor: markup tag - The quotation marks around ""humane"" in the source text are straight quotes, while in the target text, they are curly quotes. This is a minor design inconsistency.
```"
72,"I'm not especially happy with killing them, but I won't be taking comments on the ethics of killing mice.)","Я не особенно рад их убивать, но не собираюсь обсуждать этику убийства мышей.","```
MQM annotations:
design and markup errors:
Critical: design_and_markup/markup_tag - None
Major: design_and_markup/markup_tag - None
Minor: design_and_markup/markup_tag - None
```"
76,But they also cut grants and tax credits that encourage more business activity.,"Но они также сократили гранты и налоговые льготы, которые стимулируют более активную предпринимательскую деятельность.","```
MQM annotations:
design and markup errors:
Critical: design_and_markup/markup_tag - None
Major: design_and_markup/markup_tag - None
Minor: design_and_markup/markup_tag - None
```"
81,"This is true even now that goatse.cx is gone, though it would be a close race to the bottom between goatse and, say, khou.com, where I tried to watch a video the Wendy sent me.","Это верно даже сейчас, когда goatse.cx больше не существует, хотя это была бы гонка на дно между goatse и, скажем, khou.com, где я пытался посмотреть видео, которое мне прислала Венди.","```
MQM annotations:
design and markup errors:
Critical: MARKUP TAG - None
Major: MARKUP TAG - None
Minor: MARKUP TAG - None
``` 

In this case, there are no design and markup errors in the translation. The text does not contain any markup tags, malformed HTML characters, or emoji discrepancies between the source and target text."
82,"On the first train today, the ticket checker looked at our tickets and said ""long journey!""","Сегодня в первом поезде контролер посмотрел на наши билеты и сказал: ""долгое путешествие!"".","```
MQM annotations:
design and markup errors:
Critical: design_and_markup/markup_tag - None
Major: design_and_markup/markup_tag - None
Minor: design_and_markup/markup_tag - None
```"
84,"""I'm just dropping him off in Glasgow,"" I attempted to explain, gesturing at my traveling companion.","""Я просто высаживаю его в Глазго,"" попытался объяснить я, указывая на моего попутчика.","```
MQM annotations:
design and markup errors:
Critical: design_and_markup/markup_tag - None
Major: design_and_markup/markup_tag - None
Minor: design_and_markup/markup_tag - None
```"
87,The thing that last night convinced me of is that we need to be ready to fight back against Trumpism.,"То, в чем я убедился прошлой ночью, это то, что мы должны быть готовы бороться против трампизма.","```
MQM annotations:
design and markup errors:
Critical: design_and_markup/markup_tag - None
Major: design_and_markup/markup_tag - None
Minor: design_and_markup/markup_tag - None
``` 

In this case, there are no design and markup errors in the translation provided. The translation maintains the integrity of the original text without any issues related to markup tags, HTML characters, or emoji formats."
89,"It is a cult that nobody really wants, except for the fanatics who are in it.","Это культ, который на самом деле никто не хочет, кроме фанатиков, которые в нем состоят.","```
MQM annotations:
design and markup errors:
Critical: design_and_markup/markup_tag - None
Major: design_and_markup/markup_tag - None
Minor: design_and_markup/markup_tag - None
```"
90,And they are truly nuts.,И они действительно сумасшедшие.,"```
MQM annotations:
design and markup errors:
Critical: design_and_markup/markup_tag - None
Major: design_and_markup/markup_tag - None
Minor: design_and_markup/markup_tag - None
```"
94,Get some bumper stickers that are anti-Trump and plaster them all over.,Купите наклейки на бампер с антиреспубликанскими лозунгами и наклейте их повсюду.,"```
MQM annotations:
design and markup errors:
Critical: no-error
Major: no-error
Minor: no-error
```"
95,Yell back at those who would try to talk over us.,"Кричите в ответ на тех, кто пытается нас перебить.","```
MQM annotations:
design and markup errors:
Critical: design_and_markup/markup_tag - None
Major: design_and_markup/markup_tag - None
Minor: design_and_markup/markup_tag - None
```"
101,It is not socially acceptable to go out in public or rush up to people when you are coughing up a mucus storm.,"Недопустимо выходить на улицу или подбегать к людям, когда у вас сильный кашель с мокротой.","```
MQM annotations:
design and markup errors:
Critical: design_and_markup/markup_tag - None
Major: design_and_markup/markup_tag - None
Minor: design_and_markup/markup_tag - None
```"
105,Jan will hurt you before she lets you see she's hurt and laughs most when things are upside-down.,"Ян причинит тебе боль, прежде чем позволит увидеть, что она сама ранена, и больше всего смеется, когда все вверх дном.","```
MQM annotations:
design and markup errors:
[Critical]: [design_and_markup/markup_tag] - None
[Major]: [design_and_markup/markup_tag] - None
[Minor]: [design_and_markup/markup_tag] - None
```

In this case, there are no design and markup errors in the translation. The translation does not contain any malformed markup tags, incorrect emoji formats, or malformed escaped HTML characters."
107,"After 4,000 of distress Yl finds herself in a place of love and is having huge feels she doesn't know what to do with so there's a lot of both.","После 4000 лет страданий Йл оказывается в месте, полном любви, и испытывает сильные чувства, с которыми не знает, что делать, поэтому их много с обеих сторон.","```
MQM annotations:
design and markup errors:
Critical: design_and_markup/markup_tag - None
Major: design_and_markup/markup_tag - None
Minor: design_and_markup/markup_tag - None
```"
108,#CNN needs to just close down.,CNN нужно просто закрыться.,"```
MQM annotations:
design and markup errors:
Critical: design_and_markup/markup_tag - None
Major: design_and_markup/markup_tag - None
Minor: design_and_markup/markup_tag - None
``` 

In this case, there are no design and markup errors in the translation. The translation correctly reflects the source text without any issues related to markup tags or emoji formats."
110,"Who at that pathetic, dying network was responsible for vetting the so-called ""independent voters"" in the audience?","Кто на этой жалкой, умирающей сети был ответственен за проверку так называемых ""независимых избирателей"" в аудитории?","```
MQM annotations:
design and markup errors:
Critical: design_and_markup/markup_tag - None
Major: design_and_markup/markup_tag - None
Minor: design_and_markup/markup_tag - None
```

The translation provided does not contain any design or markup errors. The text does not include any malformed HTML characters or incorrect emoji formats, and there are no deviations from the source text in terms of design and markup."
113,A cold front should arrive by the middle of next week.,Холодный фронт должен прийти к середине следующей недели.,"```
MQM annotations:
design and markup errors:
Critical: design_and_markup/markup_tag - None
Major: design_and_markup/markup_tag - None
Minor: design_and_markup/markup_tag - None
```

In this case, there are no design and markup errors in the translation. The translation is free from issues related to incorrect markup tags, malformed HTML characters, or changes in emoji formats."
114,"Early this morning, IR satellite and surface based observations indicated an expanding area of low stratus and patchy <URL>",Сегодня рано утром спутниковые ИК-наблюдения и наблюдения с поверхности указали на расширяющуюся область низкой слоистой облачности и местами <URL>.,"```
MQM annotations:
design and markup errors:
Critical: markup_tag - The placeholder ""<URL>"" is not a valid or meaningful URL or markup tag in both the source and target text. It should be replaced with a proper URL or markup tag if applicable.
```"
115,"Geeky student Arnie Cunningham falls for Christine, a rusty 1958 Plymouth Fury, and becomes obsessed with restoring the classic automobile to her former glory.","Задрот Арни Каннингем влюбляется в Кристину, ржавый Plymouth Fury 1958 года, и становится одержим восстановлением классического автомобиля до его прежнего величия.","```
MQM annotations:
design and markup errors:
Critical: design_and_markup/markup_tag - None
Major: design_and_markup/markup_tag - None
Minor: design_and_markup/markup_tag - None
```"
116,"As the car changes, so does Arnie, whose newfound confidence turns to arrogance behind the wheel of his exotic beauty.","По мере того как меняется автомобиль, меняется и Арни, чья новая уверенность за рулем его экзотической красавицы превращается в высокомерие.","```
MQM annotations:
design and markup errors:
Critical: design_and_markup/markup_tag - None
Major: design_and_markup/markup_tag - None
Minor: design_and_markup/markup_tag - None
``` 

The provided translation does not contain any design or markup errors. The text does not include any markup tags, malformed HTML characters, or emoji format changes that differ from the source text."
123,One of the craziest parts about my neighbors turning against me is thinking about how much effort it takes to be hostile.,"Одна из самых безумных вещей в том, что мои соседи настроились против меня, это осознание того, сколько усилий требуется, чтобы быть враждебным.","```
MQM annotations:
design and markup errors:
Critical: design_and_markup/markup_tag - None
Major: design_and_markup/markup_tag - None
Minor: design_and_markup/markup_tag - None
```"
126,It hurts but you gotta do you.,"Больно, но ты должен быть собой.","```
MQM annotations:
design and markup errors:
Critical: design_and_markup/markup_tag - None
Major: design_and_markup/markup_tag - None
Minor: design_and_markup/markup_tag - None
```"
127,But at this point the open hostility and violence is getting worse.,Но на данный момент открытая враждебность и насилие становятся хуже.,"```
MQM annotations:
design and markup errors:
Critical: design_and_markup/markup_tag - None
Major: design_and_markup/markup_tag - None
Minor: design_and_markup/markup_tag - None
```

In this translation task, there are no design and markup errors present. The translation does not contain any malformed HTML characters, incorrect emoji formats, or other markup issues."
131,And I still have NO IDEA what I could have possibly done to deserve this.,"И я до сих пор НЕ ИМЕЮ ПОНЯТИЯ, что я мог сделать, чтобы заслужить это.","```
MQM annotations:
design and markup errors:
Critical: no-error
Major: no-error
Minor: no-error
```"
133,That vessel is off-limits.,Это судно запрещено.,"```
MQM annotations:
design and markup errors:
Critical: no-error
Major: no-error
Minor: no-error
```"
135,She is irrelevant to me.,Она не имеет для меня значения.,"```
MQM annotations:
design and markup errors:
Critical: design_and_markup/markup_tag - None
Major: design_and_markup/markup_tag - None
Minor: design_and_markup/markup_tag - None
```"
139,I gripe about dad-ification a lot.,Я много жалуюсь на превращение в отца.,"```
MQM annotations:
design and markup errors:
Critical: design_and_markup/markup_tag - None
Major: design_and_markup/markup_tag - None
Minor: design_and_markup/markup_tag - None
```"
140,Here is a (slightly longer than) toot-length crash course in what I mean by dad-ification:,"Вот краткий курс о том, что я имею в виду под ""отцовщиной"":","```
MQM annotations:
design and markup errors:
Minor: markup tag - The quotation marks around ""отцовщиной"" in the target text do not match the style of the parentheses in the source text, which could be considered a minor design inconsistency.
```"
141,"It isn't my term, it is a term used to describe when a narrative or gameplay mechanic is built around a central protagonist (usually older, usually male) stewarding or guarding another person (often younger).","Это не мой термин, это термин, используемый для описания ситуации, когда повествование или игровой механизм строится вокруг центрального протагониста (обычно старшего, обычно мужского пола), опекающего или охраняющего другого человека (часто младшего).","```
MQM annotations:
design and markup errors:
Critical: design_and_markup/markup_tag - None
Major: design_and_markup/markup_tag - None
Minor: design_and_markup/markup_tag - None
```"
144,"Dad-ification usually posits that the solution to a situation where a parent figure must care for or protect a child or child stand-in is overwhelming strength, and using that strength to force a very specifically shaped power dynamic.","Отец-фикация обычно предполагает, что решение ситуации, в которой родительская фигура должна заботиться о ребенке или его замене, заключается в подавляющей силе и использовании этой силы для создания очень специфической формы динамики власти.","```
MQM annotations:
design and markup errors:
Critical: design_and_markup/markup_tag - None
Major: design_and_markup/markup_tag - None
Minor: design_and_markup/markup_tag - None
``` 

In this case, there are no design and markup errors in the translation provided. The text does not contain any markup tags, malformed HTML characters, or changes in emoji formats that would need annotation."
145,"Dad-ification erodes the possibility for communal solutions, and often wholly ignores, or undercuts any agency the child has.","Отец-фикация размывает возможность для коллективных решений и часто полностью игнорирует или подрывает любую самостоятельность, которую имеет ребенок.","```
MQM annotations:
design and markup errors:
Critical: no-error
Major: no-error
Minor: no-error
```"
151,- More details are in the full blog post.,- Более подробная информация в полном блоге.,"```
MQM annotations:
design and markup errors:
Critical: no-error
Major: no-error
Minor: no-error
```"
159,Over time dart became my go-to for quick UI.,Со временем Dart стал моим выбором для быстрого создания пользовательского интерфейса.,"```
MQM annotations:
design and markup errors:
Critical: design_and_markup/markup_tag - None
Major: design_and_markup/markup_tag - None
Minor: design_and_markup/markup_tag - None
```

In this case, there are no design and markup errors in the translation. The source and target texts do not contain any markup tags or emojis that could lead to such errors."
160,"#flutter is a pleasure to work with, and they have #mobx for easy store management.","#flutter - это удовольствие работать с ним, и у них есть #mobx для легкого управления хранилищем.","```
MQM annotations:
design and markup errors:
Minor: Markup Tag - The hashtag format in the target text does not match the source text. In the source, hashtags are used (#flutter, #mobx), but in the target, the format is altered by adding spaces around the dash (#flutter - это).
```"
161,"The dependency story is less insane than nodejs, too.","История зависимостей менее безумна, чем у nodejs.","```
MQM annotations:
design and markup errors:
Critical: design_and_markup/markup_tag - None
Major: design_and_markup/markup_tag - None
Minor: design_and_markup/markup_tag - None
```"
163,But it allows to move fast and that's why it's ideal for small hacks.,"Но это позволяет двигаться быстро, и поэтому идеально подходит для небольших взломов.","```
MQM annotations:
design and markup errors:
Critical: design_and_markup/markup_tag - None
Major: design_and_markup/markup_tag - None
Minor: design_and_markup/markup_tag - None
```"
166,Their tail is extremely thick.,Их хвост чрезвычайно толстый.,"```
MQM annotations:
design and markup errors:
Critical: design_and_markup/markup_tag - None
Major: design_and_markup/markup_tag - None
Minor: design_and_markup/markup_tag - None
```"
171,"Being able to jump really high, tear regular humans to shreds, use creepy magic powers, and replenish health by feasting on your enemies - this should be a staple of all PC games, to be honest.","Умение прыгать очень высоко, разрывать обычных людей на куски, использовать жуткие магические силы и восстанавливать здоровье, пируя на своих врагах - честно говоря, это должно быть основой всех игр для ПК.","```
MQM annotations:
design and markup errors:
Critical: design_and_markup/markup_tag - None
Major: design_and_markup/markup_tag - None
Minor: design_and_markup/markup_tag - None
```

In this translation, there are no design and markup errors present. The translation maintains the integrity of the original text without any malformed markup tags, incorrect HTML characters, or changes in emoji formats."
176,It maybe has too many language subtleties.,"Возможно, в нём слишком много языковых тонкостей.","```
MQM annotations:
design and markup errors:
Critical: design_and_markup/markup_tag - None
Major: design_and_markup/markup_tag - None
Minor: design_and_markup/markup_tag - None
```"
177,"Need to translate it to Mandarin and/or Hokkien, neither of which I know at all.","Нужно перевести это на мандарин и/или хоккиен, ни один из которых я совсем не знаю.","```
MQM annotations:
design and markup errors:
Critical: no-error
Major: no-error
Minor: no-error
```

Explanation: The provided translation does not contain any design or markup errors. There are no malformed HTML characters, incorrect markup tags, or changes in emoji formats that would affect the design or understanding of the content."
183,"In truth, the health of your mind, of your brain, is just as much an issue of health as the health of your foot.","На самом деле, здоровье вашего разума, вашего мозга, является такой же проблемой здоровья, как и здоровье вашей ноги.","```
MQM annotations:
design and markup errors:
Critical: design_and_markup/markup_tag - None
Major: design_and_markup/markup_tag - None
Minor: design_and_markup/markup_tag - None
``` 

In this translation, there are no design and markup errors related to incorrect markup tags, malformed HTML characters, or changes in emoji formats. The translation maintains the design and markup integrity of the original text."
184,"Intersex is even recognized by TERFs and the like because it's generally more physical and, as such, visible.","Интерсекс признается даже ТЕРФами и подобными, потому что это, как правило, более физическое и, следовательно, заметное.","```
MQM annotations:
design and markup errors:
Critical: design_and_markup/markup_tag - None
Major: design_and_markup/markup_tag - None
Minor: design_and_markup/markup_tag - None
```"
185,"In the same way that mental health is seen as less ""real"" than physical health by many, I kind of feel that being trans is merely intersex of the mind.","Точно так же, как психическое здоровье многими воспринимается как менее ""реальное"", чем физическое здоровье, я как бы чувствую, что быть трансгендером — это просто интерсекс мозга.","```
MQM annotations:
design and markup errors:
Critical: design_and_markup/markup_tag - None
Major: design_and_markup/markup_tag - None
Minor: design_and_markup/markup_tag - None
```"
186,"The more I read of studies on sex, gender, psychology, the more the statement of ""My sex is male, my gender is female"" seems simplistic and inaccurate.","Чем больше я читаю исследований о сексе, гендере, психологии, тем больше утверждение ""Мой пол мужской, мой гендер женский"" кажется мне упрощённым и неточным.","```
MQM annotations:
design and markup errors:
Critical: design_and_markup/markup_tag - None
Major: design_and_markup/markup_tag - None
Minor: design_and_markup/markup_tag - None
```"
190,"I think the designation of ""non-binary"" needs to be extended from just a gender term, to be used when referring to sex.","Я думаю, что обозначение ""небинарный"" нужно расширить от гендерного термина, чтобы использовать его при упоминании пола.","```
MQM annotations:
design and markup errors:
Minor: markup tag - The quotation marks around ""non-binary"" in the source text are straight quotes, while in the target text, they are curly quotes. This is a minor design inconsistency.
```"
193,Like krauty moods and other worldly pop music and radiophonic workshop and all sorts.,"Как краутовые настроения и другая мировая поп-музыка, радиофоническая мастерская и всякое такое.","```
MQM annotations:
design and markup errors:
Critical: design_and_markup/markup_tag - None
Major: design_and_markup/markup_tag - None
Minor: design_and_markup/markup_tag - None
```

In this case, there are no design and markup errors in the translation. The source and target texts do not contain any markup tags, malformed HTML characters, or emoji format changes that would require annotation."
210,I want to make dashboards.,Я хочу создавать панели управления.,"```
MQM annotations:
design and markup errors:
Critical: design_and_markup/markup_tag - None
Major: design_and_markup/markup_tag - None
Minor: design_and_markup/markup_tag - None
```"
213,"So with a new #FFXIV raid tier approaching, I've long been thinking ""man, I'd like to try proper raiding, but Party Finder sounds like a mess, and I'm never gonna find a static that'll have me.""","Итак, с приближением нового уровня рейда в #FFXIV, я долго думал: ""Черт, я бы хотел попробовать настоящий рейд, но Party Finder звучит как беспорядок, и я никогда не найду статик, который меня возьмет.""","```
MQM annotations:
design and markup errors:
Minor: markup tag - The emoji format in the target text does not match the source text.
```"
215,I'll make my own static!,Я сделаю свой собственный статик!,"```
MQM annotations:
design and markup errors:
Critical: design_and_markup/markup_tag - None
Major: design_and_markup/markup_tag - None
Minor: design_and_markup/markup_tag - None
```"
216,"Full of people too anxious to try joining a raid static, with no expectations of being good at all!","Полно людей, слишком обеспокоенных, чтобы попробовать присоединиться к рейдовому статик-группе, без каких-либо ожиданий быть хорошими в этом!","```
MQM annotations:
design and markup errors:
Critical: design_and_markup/markup_tag - None
Major: design_and_markup/markup_tag - None
Minor: design_and_markup/markup_tag - None
```"
219,I was a voracious reader in my youth.,В юности я был ненасытным читателем.,"```
MQM annotations:
design and markup errors:
Critical: design_and_markup/markup_tag - None
Major: design_and_markup/markup_tag - None
Minor: design_and_markup/markup_tag - None
```"
221,"But, after ~decades~ of reading next to nothing (with the exception of functional work-related non-fiction stuff and an occasional self-help book) I set a goal to read 23 books in 2023.",Но после ~десятилетий~ почти полного отсутствия чтения (за исключением функциональной рабочей научно-популярной литературы и случайной книги по саморазвитию) я поставил цель прочитать 23 книги в 2023 году.,"```
MQM annotations:
design and markup errors:
major: markup tag - The tilde characters (~) used for emphasis in the source text are not preserved in the target text.
```"
226,I wanna see these companies that intermediate transactions explain to their customers how they set their percentages.,"Я хочу, чтобы эти компании, которые выступают посредниками в транзакциях, объяснили своим клиентам, как они устанавливают свои проценты.","```
MQM annotations:
design and markup errors:
Critical: design_and_markup/markup_tag - None
Major: design_and_markup/markup_tag - None
Minor: design_and_markup/markup_tag - None
```"
228,"But if Spotify has a good quarter, they will.","Но если у Spotify будет хороший квартал, они это сделают.","```
MQM annotations:
design and markup errors:
Critical: design_and_markup/markup_tag - None
Major: design_and_markup/markup_tag - None
Minor: design_and_markup/markup_tag - None
```"
229,Is it a danger to let migrants in at the southern border? I dunno.,Представляет ли опасность впускать мигрантов на южной границе? Не знаю.,"```
MQM annotations:
design and markup errors:
Critical: design_and_markup/markup_tag - None
Major: design_and_markup/markup_tag - None
Minor: design_and_markup/markup_tag - None
```"
230,Let them rehabilitate the hollowed out and decaying cities across the country. Again.,Пусть они восстановят опустошённые и разрушающиеся города по всей стране.,"```
MQM annotations:
design and markup errors:
Critical: design_and_markup/markup_tag - None
Major: design_and_markup/markup_tag - None
Minor: design_and_markup/markup_tag - None
```

In this case, there are no design and markup errors in the translation provided. The translation does not contain any malformed HTML characters, incorrect emoji formats, or other markup issues."
238,There are still going to be jobs that can be accomplished remotely for the foreseeable future.,"В обозримом будущем всё ещё будут существовать работы, которые можно выполнять удалённо.","```
MQM annotations:
design and markup errors:
Critical: design_and_markup/markup_tag - None
Major: design_and_markup/markup_tag - None
Minor: design_and_markup/markup_tag - None
```"
239,Remote work is enabling.,Удалённая работа является возможностью.,"```
MQM annotations:
design and markup errors:
Critical: design_and_markup/markup_tag - None
Major: design_and_markup/markup_tag - None
Minor: design_and_markup/markup_tag - None
```"
240,"It enables people to work in comfortable spaces and not stuffy, noisy offices.","Это позволяет людям работать в комфортных помещениях, а не в душных, шумных офисах.","```
MQM annotations:
design and markup errors:
Critical: design_and_markup/markup_tag - None
Major: design_and_markup/markup_tag - None
Minor: design_and_markup/markup_tag - None
```"
242,It enables people to avoid lengthy commutes that take time away from their day and their families.,"Это позволяет людям избежать длительных поездок на работу, которые отнимают время у их дня и семьи.","```
MQM annotations:
design and markup errors:
Critical: design_and_markup/markup_tag - None
Major: design_and_markup/markup_tag - None
Minor: design_and_markup/markup_tag - None
``` 

In this case, there are no design and markup errors present in the translation. The source and target texts do not contain any markup tags, malformed HTML characters, or emoji formats that differ between the two."
250,"""You are the carbon they are trying to reduce.""","""Вы — углерод, который они пытаются уменьшить.""","```
MQM annotations:
design and markup errors:
Critical: design_and_markup/markup_tag - None
Major: design_and_markup/markup_tag - None
Minor: design_and_markup/markup_tag - None
``` 

There are no design and markup errors in the translation provided. The source and target texts do not contain any markup tags, HTML characters, or emojis that could lead to design and markup issues."
251,"So like from the beginning for all my birthdays in the past, I always had rough ones.","Так что, начиная с самого начала, на все мои дни рождения в прошлом у меня всегда были тяжелые.","```
MQM annotations:
design and markup errors:
Critical: design_and_markup/markup_tag - None
Major: design_and_markup/markup_tag - None
Minor: design_and_markup/markup_tag - None
```"
257,And today is already becoming a great day!,А сегодня уже становится отличным днем!,"```
MQM annotations:
design and markup errors:
Critical: design_and_markup/markup_tag - None
Major: design_and_markup/markup_tag - None
Minor: design_and_markup/markup_tag - None
```"
258,Winter is 30 days away in this little part of the Great Southern World.,Зима наступит через 30 дней в этой маленькой части Великого Южного мира.,"```
MQM annotations:
design and markup errors:
Critical: design_and_markup/markup_tag - None
Major: design_and_markup/markup_tag - None
Minor: design_and_markup/markup_tag - None
```

In this translation, there are no design and markup errors such as incorrect markup tags, malformed HTML characters, or changes in emoji formats. The translation is free from any such issues."
264,I will zip the lining into my cycle jacket - just in case I need it inside.,"Я застегну подкладку в свою велосипедную куртку на случай, если она мне понадобится.","```
MQM annotations:
design and markup errors:
Critical: design_and_markup/markup_tag - None
Major: design_and_markup/markup_tag - None
Minor: design_and_markup/markup_tag - None
```"
273,I finally got a good dangle photo so I can be sure he's not fat.,"Наконец-то у меня получилось сделать хорошее фото под углом, чтобы убедиться, что он не толстый.","```
MQM annotations:
design and markup errors:
Critical: design_and_markup/markup_tag - None
Major: design_and_markup/markup_tag - None
Minor: design_and_markup/markup_tag - None
```"
275,He's not.,Он нет.,"```
MQM annotations:
design and markup errors:
Critical: no-error
Major: no-error
Minor: no-error
```

Explanation: The provided translation does not contain any design or markup errors. There are no issues with markup tags, malformed HTML characters, or changes in emoji formats. The translation is free from any design and markup issues."
282,2) The currency reward system has been connected.,2) Система вознаграждений валютой была подключена.,"```
MQM annotations:
design and markup errors:
Critical: design_and_markup/markup_tag - None
Major: design_and_markup/markup_tag - None
Minor: design_and_markup/markup_tag - None
```"
286,"All collards, kale, chard is transplanted.","Все капустные, капуста кале, мангольд пересажены.","```
MQM annotations:
design and markup errors:
Critical: design_and_markup/markup_tag - None
Major: design_and_markup/markup_tag - None
Minor: design_and_markup/markup_tag - None
```

In this case, there are no design and markup errors in the translation provided. The source text does not contain any markup tags or emojis, and the translation maintains this format without introducing any markup issues."
287,Plans to set in salad at Penn on 6row pattern and see how that compares to broadcast seeded beds.,Планы по посадке салата в Пенне по схеме в 6 рядов и сравнение с посевом на грядках.,"```
MQM annotations:
design and markup errors:
Critical: design_and_markup/markup_tag - None
Major: design_and_markup/markup_tag - None
Minor: design_and_markup/markup_tag - None
```"
288,Spring peas at Gilpin are showing up so trellise needs to be set.,"Весенний горох в Гилпине начинает появляться, поэтому нужно установить шпалеры.","```
MQM annotations:
design and markup errors:
Critical: design_and_markup/markup_tag - None
Major: design_and_markup/markup_tag - None
Minor: design_and_markup/markup_tag - None
```"
289,"Also need to seed a salad row there to integrate cut greens in both have trained crew on irrigation, bed prep, and transplanting which is 90% of non-harvest skill items","Также нужно посеять ряд салата, чтобы интегрировать нарезанную зелень, обученная команда уже подготовлена по орошению, подготовке грядок и пересадке, что составляет 90% навыков, не связанных со сбором урожая.","```
MQM annotations:
design and markup errors:
Critical: design_and_markup/markup_tag - None
Major: design_and_markup/markup_tag - None
Minor: design_and_markup/markup_tag - None
```

In this case, there are no design and markup errors in the translated text. The translation does not contain any malformed HTML characters, incorrect emoji formats, or any other markup issues."
293,"Curious, I kept an open mind to compare how Google Maps and Apple Maps compare, on my test iPhone device (my daily driver is an Android device, so it's rare that I use an iPhone).","Из любопытства я оставил открытым сознание, чтобы сравнить, как Google Maps и Apple Maps сопоставляются на моем тестовом устройстве iPhone (мой основной телефон - Android, поэтому я редко использую iPhone).","```
MQM annotations:
design and markup errors:
Critical: design_and_markup/markup_tag - None
Major: design_and_markup/markup_tag - None
Minor: design_and_markup/markup_tag - None
``` 

In this translation, there are no design and markup errors related to incorrect or malformed markup tags, HTML characters, or emoji formats. The translation maintains the design and markup integrity of the source text."
299,Was it the 2012 Apple Maps disaster?,Это была катастрофа с Apple Maps в 2012 году?,"```
MQM annotations:
design and markup errors:
Critical: no-error
Major: no-error
Minor: no-error
```"
303,"I'm biased in favour of not releasing garbage to end users, and Apple royally fucked up with their Apple Maps when it came out in 2012.","Я предвзят в пользу того, чтобы не выпускать мусор для конечных пользователей, и Apple капитально облажалась с их Apple Maps, когда они вышли в 2012 году.","```
MQM annotations:
design and markup errors:
Critical: design_and_markup/markup_tag - None
Major: design_and_markup/markup_tag - None
Minor: design_and_markup/markup_tag - None
```

In this case, there are no design and markup errors in the translation. The source and target texts do not contain any markup tags, HTML characters, or emojis that could lead to design and markup issues."
308,Not the case.,Не в этом дело.,"```
MQM annotations:
design and markup errors:
Critical: design_and_markup/markup_tag - None
Major: design_and_markup/markup_tag - None
Minor: design_and_markup/markup_tag - None
```

In this case, there are no design and markup errors in the translation from English to Russian. The translation does not contain any markup tags, malformed HTML characters, or changes in emoji formats that would require annotation."
313,It seems inconceivable that land may be taken away one day when you watch Australian and United States media channels but that's because the rich are on there all day ensuring your mind thinks a certain way.,"Кажется немыслимым, что землю могут отнять однажды, когда вы смотрите австралийские и американские медиа-каналы, но это потому, что богатые находятся там весь день, обеспечивая, чтобы ваш разум думал определенным образом.","```
MQM annotations:
design and markup errors:
Critical: no-error
Major: no-error
Minor: no-error
```"
314,The land is very easily and quickly taken away by the government one day if they want to do that.,"Земля очень легко и быстро изымается правительством в один день, если они захотят это сделать.","```
MQM annotations:
design and markup errors:
Critical: design_and_markup/markup_tag - None
Major: design_and_markup/markup_tag - None
Minor: design_and_markup/markup_tag - None
```"
316,It never made sense how ppl can keep land at the expense of others.,"Никогда не было понятно, как люди могут удерживать землю за счет других.","```
MQM annotations:
design and markup errors:
Critical: design_and_markup/markup_tag - None
Major: design_and_markup/markup_tag - None
Minor: design_and_markup/markup_tag - None
```"
325,I often wonder at the human capacity to be *so* down on oneself while inundated by so much evidence of what actual cruelty looks like.,"Я часто удивляюсь способности человека быть *настолько* самокритичным, будучи окружённым таким количеством доказательств того, как выглядит настоящая жестокость.","```
MQM annotations:
design and markup errors:
Minor: markup tag - The asterisks (*) used for emphasis in the source text are not retained in the target text.
```"
328,But gentling despair at our messiness is crucial - because it gives us more space to tackle the ruins all around.,"Но смягчение отчаяния по поводу нашего беспорядка имеет решающее значение - потому что оно дает нам больше пространства для того, чтобы справиться с разрухой вокруг.","```
MQM annotations:
design and markup errors:
Critical: design_and_markup/markup_tag - None
Major: design_and_markup/markup_tag - None
Minor: design_and_markup/markup_tag - None
``` 

In this translation, there are no design and markup errors related to incorrect or malformed markup tags, malformed HTML characters, or changes in emoji formats. The source and target texts do not contain any such elements that would require annotation under the design and markup category."
331,"Some programmers: ""Typing speed does not matter!""","Некоторые программисты: ""Скорость набора текста не имеет значения!""","```
MQM annotations:
design and markup errors:
Critical: design_and_markup/markup_tag - None
Major: design_and_markup/markup_tag - None
Minor: design_and_markup/markup_tag - None
```"
334,"Not sure if this is the best approach for sharing, but I like it for now: <URL>","Не уверен, что это лучший подход для обмена, но мне он нравится на данный момент: <URL>","```
MQM annotations:
design and markup errors:
Critical: MARKUP TAG - None
Major: MARKUP TAG - None
Minor: MARKUP TAG - None
```

In this case, there are no design and markup errors in the translation. The URL placeholder `<URL>` is correctly maintained in both the source and target texts, and there are no issues with emoji formats or malformed HTML characters."
338,I have been toying with this little piece on my head for a few days now.,Я размышляю над этой небольшой идеей в своей голове уже несколько дней.,"```
MQM annotations:
design and markup errors:
Critical: design_and_markup/markup_tag - None
Major: design_and_markup/markup_tag - None
Minor: design_and_markup/markup_tag - None
```"
339,It is definitely more romance than filth.,"Это определённо больше романтика, чем грязь.","```
MQM annotations:
design and markup errors:
Critical: design_and_markup/markup_tag - None
Major: design_and_markup/markup_tag - None
Minor: design_and_markup/markup_tag - None
``` 

The translation from English to Russian does not contain any design or markup errors. The text does not include any HTML tags, escaped characters, or emojis that could have been malformed or altered during translation."
343,"Common, it's really not that hard.","Общепринято, это действительно не так уж и сложно.","```
MQM annotations:
design and markup errors:
Critical: no-error
Major: no-error
Minor: no-error
```"
345,"I wish there was a ""who to follow"" recommendation somehow.","Хотелось бы, чтобы была рекомендация ""кого следовать"".","```
MQM annotations:
design and markup errors:
Critical: design_and_markup/markup_tag - None
Major: design_and_markup/markup_tag - None
Minor: design_and_markup/markup_tag - None
```"
347,If you stick to the default web interface it doesn't look and feel good (imho).,"Если вы придерживаетесь интерфейса веб по умолчанию, он не выглядит и не ощущается хорошо (имхо).","```
MQM annotations:
design and markup errors:
Minor: markup_tag/emoji_format - The emoji format ""imho"" in the source text is not represented as an emoji in the target text.
```"
349,"I don't know if prevention is possible, but it's worth trying.","Я не знаю, возможно ли предотвратить это, но стоит попробовать.","```
MQM annotations:
design and markup errors:
Critical: design_and_markup/markup_tag - None
Major: design_and_markup/markup_tag - None
Minor: design_and_markup/markup_tag - None
```"
350,"The four steps I outline are up for debate, with some progress in each:","Четыре шага, которые я изложил, подлежат обсуждению, с некоторым прогрессом в каждом из них.","```
MQM annotations:
design and markup errors:
Critical: design_and_markup/markup_tag - None
Major: design_and_markup/markup_tag - None
Minor: design_and_markup/markup_tag - None
```"
356,"Even if he didn't get to say them during the town hall, everyone in America will hear them anyway, repeatedly, between now and November 2024.","Даже если он не смог сказать их во время встречи с избирателями, все в Америке все равно услышат их, неоднократно, между настоящим моментом и ноябрем 2024 года.","```
MQM annotations:
design and markup errors:
Critical: design_and_markup/markup_tag - None
Major: design_and_markup/markup_tag - None
Minor: design_and_markup/markup_tag - None
```"
363,"The ""MusicLM Demo"" is mildly interesting.",«Демонстрация MusicLM» умеренно интересна.,"```
MQM annotations:
design and markup errors:
Minor: markup tag - The quotation marks in the target text are different from the source text. The source uses straight quotes ("" ""), while the target uses angled quotes (« »).
```"
369,I work out alone in my bedroom without a spotter or even a weight rack.,Я тренируюсь в одиночку в своей спальне без страховщика и даже без стойки для штанги.,"```
MQM annotations:
design and markup errors:
Critical: design_and_markup/markup_tag - None
Major: design_and_markup/markup_tag - None
Minor: design_and_markup/markup_tag - None
```"
371,I bench press on my bed.,Я жму штангу лёжа на кровати.,"```
MQM annotations:
design and markup errors:
Critical: design_and_markup/markup_tag - None
Major: design_and_markup/markup_tag - None
Minor: design_and_markup/markup_tag - None
```"
378,I'd never seen it at the fancy grocer or any of the Italian delis.,Я никогда не видел этого в дорогом магазине или в каком-либо из итальянских деликатесов.,"```
MQM annotations:
design and markup errors:
Critical: design_and_markup/markup_tag - None
Major: design_and_markup/markup_tag - None
Minor: design_and_markup/markup_tag - None
```"
383,"Having been radicalized here, we're reluctant to buy a new FAANG machine*.","Будучи радикализированными здесь, мы неохотно покупаем новую машину FAANG.","```
MQM annotations:
design and markup errors:
Critical: design_and_markup/markup_tag - None
Major: design_and_markup/markup_tag - None
Minor: design_and_markup/markup_tag - None
```

In this translation, there are no design and markup errors present. The translation maintains the same design and markup as the source text, with no issues related to markup tags, malformed HTML characters, or changes in emoji formats."
386,"In 1998-06 Gamefan, in relation to the long development of the first Unreal game, Jason Schrieber commented,",В выпуске Gamefan за июнь 1998 года Джейсон Шрайбер прокомментировал длительную разработку первой игры Unreal.,"```
MQM annotations:
design and markup errors:
Critical: design_and_markup/markup_tag - The date format ""1998-06"" in the source is not preserved in the target text, which uses ""июнь 1998 года"" instead. This change affects the consistency of the date representation.
```"
387,"""A good game is only late until it ships.","""Хорошая игра задерживается только до её выхода.""","```
MQM annotations:
design and markup errors:
Critical: design_and_markup/markup_tag - None
Major: design_and_markup/markup_tag - None
Minor: design_and_markup/markup_tag - None
```

In this case, there are no design and markup errors in the translation from English to Russian. The translation maintains the design integrity of the original text without any markup or emoji format issues."
388,"A bad game is bad forever.""",«Плохая игра плоха навсегда.»,"```
MQM annotations:
design and markup errors:
Critical: design_and_markup/markup_tag - None
Major: design_and_markup/markup_tag - None
Minor: design_and_markup/markup_tag - None
```"
391,"An earlier issue of GamePro 1997-11 has a quote with far more ambiguity,",Более ранний выпуск GamePro 1997-11 содержит цитату с гораздо большей неоднозначностью.,"```
MQM annotations:
design and markup errors:
Critical: design_and_markup/markup_tag - None
Major: design_and_markup/markup_tag - None
Minor: design_and_markup/markup_tag - None
```"
402,There's areas that could use some polish.,"Есть области, которые можно было бы улучшить.","```
MQM annotations:
design and markup errors:
Critical: design_and_markup/markup_tag - None
Major: design_and_markup/markup_tag - None
Minor: design_and_markup/markup_tag - None
```

In this translation task, there are no design and markup errors present in the target text. The translation does not contain any malformed HTML characters, incorrect emoji formats, or other markup issues."
404,"Fix those minor issues, and then can we have more of these please?","Исправьте эти мелкие проблемы, а затем можем ли мы получить больше таких, пожалуйста?","```
MQM annotations:
design and markup errors:
Critical: design_and_markup/markup_tag - None
Major: design_and_markup/markup_tag - None
Minor: design_and_markup/markup_tag - None
``` 

In this case, there are no design and markup errors in the translation. The source and target texts do not contain any markup tags, malformed HTML characters, or emoji formats that differ, so no annotations are necessary."
410,We visited for a couple hours on my porch.,Мы провели пару часов на моем крыльце.,"```
MQM annotations:
design and markup errors:
Critical: design_and_markup/none - No design or markup errors found.
Major: design_and_markup/none - No design or markup errors found.
Minor: design_and_markup/none - No design or markup errors found.
```"
420,"The eight-eyed Repnids seem to be watching as you settle the flyer down on the red soil, but they make no move towards you, in fact they are motionless as you climb out of the flyer and walk slowly towards them.","Восьмиглазые Репниды, кажется, наблюдают за вами, когда вы приземляете летательный аппарат на красную почву, но они не двигаются к вам, на самом деле они неподвижны, когда вы выходите из аппарата и медленно идете к ним.","```
MQM annotations:
design and markup errors:
Critical: design_and_markup/markup_tag - None
Major: design_and_markup/markup_tag - None
Minor: design_and_markup/markup_tag - None
```

In this translation, there are no design and markup errors related to incorrect or malformed markup tags, malformed HTML characters, or changes in emoji formats. The translation maintains the design integrity of the source text."
421,"The ground beneath your feet begins to tremble and then shake, as if in an earthquake and you lose your footing, though the Repnids seem unaffected.","Земля под вашими ногами начинает дрожать, а затем трястись, как при землетрясении, и вы теряете равновесие, хотя Репниды остаются невозмутимыми.","```
MQM annotations:
design and markup errors:
Critical: design_and_markup/markup_tag - None
Major: design_and_markup/markup_tag - None
Minor: design_and_markup/markup_tag - None
``` 

In this translation, there are no design and markup errors related to incorrect markup tags, malformed HTML characters, or changes in emoji formats. The translation maintains the design integrity of the source text."
422,The rock beneath you gives way suddenly.,Скала под вами внезапно обрушивается.,"```
MQM annotations:
design and markup errors:
Critical: design_and_markup/markup_tag - None
Major: design_and_markup/markup_tag - None
Minor: design_and_markup/markup_tag - None
```"
424,"The end is swift, as several pairs of fangs inject their deadly venom and the air of Dyskra contaminates your lungs.","Конец наступает быстро, когда несколько пар клыков впрыскивают свою смертельную отраву, а воздух Дискры заражает ваши легкие.","```
MQM annotations:
design and markup errors:
Critical: design_and_markup/markup_tag - None
Major: design_and_markup/markup_tag - None
Minor: design_and_markup/markup_tag - None
```"
432,"You decide that establishing contact again would be dangerous and return to your flyer, but the experience has cleared your mind which had been befuddled ever since you jumped into the future.","Вы решаете, что восстанавливать контакт будет опасно, и возвращаетесь к своему летательному аппарату, но этот опыт прояснил ваш разум, который был затуманен с тех пор, как вы прыгнули в будущее.","```
MQM annotations:
design and markup errors:
Critical: design_and_markup/markup_tag - None
Major: design_and_markup/markup_tag - None
Minor: design_and_markup/markup_tag - None
```

In this case, there are no design and markup errors in the translation. The translated text does not contain any malformed HTML characters, incorrect emoji formats, or other markup issues."
434,Note that you have used up another polybdenum rod as you jump.,"Обратите внимание, что вы израсходовали еще один полибденовый стержень, когда прыгали.","```
MQM annotations:
design and markup errors:
Critical: design_and_markup/markup_tag - None
Major: design_and_markup/markup_tag - None
Minor: design_and_markup/markup_tag - None
```"
439,I found a unevenly spun silver gray yarn that is mostly finely spun with lumps.,"Я нашел неравномерно пряденую серебристо-серую пряжу, которая в основном тонко прядена с комками.","```
MQM annotations:
design and markup errors:
Critical: design_and_markup/markup_tag - None
Major: design_and_markup/markup_tag - None
Minor: design_and_markup/markup_tag - None
```

In this case, there are no design and markup errors in the translation. The source and target texts do not contain any markup tags, malformed HTML characters, or emoji discrepancies to annotate."
440,I plan on mixing it with a fine purple/lilac variegated cotton.,Я планирую смешать это с тонким пурпурно-сиреневым меланжевым хлопком.,"```
MQM annotations:
design and markup errors:
Critical: design_and_markup/markup_tag - None
Major: design_and_markup/markup_tag - None
Minor: design_and_markup/markup_tag - None
```"
449,"I hit most of the classics before eighteen--though that's more a reflection of living in bumfuck nowhere, I also read the 1979 Encyclopedia Brittanica in desperation.","Я прочитал большинство классиков до восемнадцати лет — хотя это скорее отражение жизни в глуши, я также в отчаянии прочитал Энциклопедию Британнику 1979 года.","```
MQM annotations:
design and markup errors:
Critical: no-error
Major: no-error
Minor: no-error
```"
452,"And that's also even though I haven't slept as well here for the last two nights as I do at home, and get a little #MECFS ed out from simply being in a strange environment where I'm less able to pace myself and have to remember where things are.","И это даже несмотря на то, что я не спал здесь так же хорошо последние две ночи, как дома, и немного устал от #MECFS просто из-за нахождения в незнакомой обстановке, где я меньше могу распределять свои силы и должен помнить, где что находится.","```
MQM annotations:
design and markup errors:
Minor: markup tag - The hashtag format ""#MECFS"" is correctly preserved in the translation, and there are no design or markup errors present.
```"
454,Humanity is out in 5 days.,Человечеству осталось 5 дней.,"```
MQM annotations:
design and markup errors:
Critical: design_and_markup/markup_tag - None
Major: design_and_markup/markup_tag - None
Minor: design_and_markup/markup_tag - None
```"
457,I like it but will it be able to attract an audience of the right players?,"Мне это нравится, но сможет ли это привлечь аудиторию нужных игроков?","```
MQM annotations:
design and markup errors:
Critical: design_and_markup/markup_tag - None
Major: design_and_markup/markup_tag - None
Minor: design_and_markup/markup_tag - None
```"
463,Came home on my lunch break to see this sitting outside uwu.,Пришел домой на обеденный перерыв и увидел это снаружи uwu.,"```
MQM annotations:
design and markup errors:
Minor: markup tag - The emoji ""uwu"" in the source text is not a standard emoji and is represented as text. However, it should be noted if there was any change in format or representation, which in this case, there is none. Therefore, no design and markup error is present.
```"
467,Was it overly cute to the point of being twee?,"Было ли это чрезмерно мило до такой степени, что стало приторным?","```
MQM annotations:
design and markup errors:
Critical: design_and_markup/markup_tag - None
Major: design_and_markup/markup_tag - None
Minor: design_and_markup/markup_tag - None
```"
474,Did she owe someone money?,Она кому-то была должна деньги?,"```
MQM annotations:
design and markup errors:
Critical: design_and_markup/markup_tag - None
Major: design_and_markup/markup_tag - None
Minor: design_and_markup/markup_tag - None
```"
480,"Good critique is there to correct the problem quickly, and isn't directed at your ability.",Хорошая критика предназначена для быстрого исправления проблемы и не направлена на вашу способность.,"```
MQM annotations:
design and markup errors:
Critical: design_and_markup/markup_tag - None
Major: design_and_markup/markup_tag - None
Minor: design_and_markup/markup_tag - None
```"
487,But for strong and firm future growth.,Но для сильного и устойчивого будущего роста.,"```
MQM annotations:
design and markup errors:
Critical: design_and_markup/markup_tag - None
Major: design_and_markup/markup_tag - None
Minor: design_and_markup/markup_tag - None
```"
489,"She was on her way to the wall, he was coming off duty.","Она шла к стене, он как раз закончил дежурство.","```
MQM annotations:
design and markup errors:
Critical: design_and_markup/markup_tag - None
Major: design_and_markup/markup_tag - None
Minor: design_and_markup/markup_tag - None
```"
493,One block-printed word.,Одно блокированное слово.,"```
MQM annotations:
design and markup errors:
[Critical]: [design_and_markup/markup_tag] - None
[Major]: [design_and_markup/markup_tag] - None
[Minor]: [design_and_markup/markup_tag] - None
```

In this case, there are no design and markup errors in the translation. The source text ""One block-printed word."" and the target text ""Одно блокированное слово."" do not contain any markup tags, malformed HTML characters, or emoji formats that differ from the source text. Therefore, no annotations are necessary."
