index,reference,zero_shot_translation,improved_translation,single_agent_translation,bleu_zero_shot,bleu_improved,bleu_single_agent,meteor_zero_shot,meteor_improved,meteor_single_agent,bleurt_zero_shot,bleurt_improved,bleurt_single_agent,comet_zero_shot,comet_improved,comet_single_agent
1,そのバージョンでは、IDirect3D::CreateViewport() を呼び出すと、IDirect3DViewport3が返ってくると仮定されていたことがわかり、やってみたけどIDirect3DViewportと比べると、最後にIDirect3DViewport3メソッドが追加されている。,実は、IDirect3D::CreateViewport() を呼び出すと IDirect3DViewport ではなく、IDirect3DViewport にメソッドを追加した IDirect3DViewport3 が返ってくると思い込んでいた。私が実装したのは IDirect3DViewport だった。,実は、ＩDirect3D::CreateViewport()を呼び出すと、私が実装したＩDirect3DViewportではなく、それにメソッドを追加したＩDirect3DViewport3が返されると思い込んでいた。,実は、IDirect3D::CreateViewport() を呼び出すと、IDirect3DViewport ではなく、IDirect3DViewport にメソッドが追加された IDirect3DViewport3 が返されると想定していたことが判明しました。私が実装したのは IDirect3DViewport でした。,0.6542,0.4694,0.6551,0.727,0.5872,0.7628,0.4992,0.5269,0.5391,0.8792,0.8748,0.884
4,ただし、これは例外なく当てはまるものではなく、こういったケースでは、問題のオブジェクトを作るのに、どのインターフェイスを使っているかが重要となる。,しかし、これは普遍的に正しいわけではなく、該当のオブジェクトを生成する際に使用しているインターフェースによって事情が変わる場合がある。,しかし、これは必ずしもそうではなく、該当のオブジェクトを生成するインターフェースによって事情が異なる場合がある。,しかし、これは普遍的に当てはまるわけではなく、該当のオブジェクトを生成するために使用しているインターフェースによって状況が異なる場合があります。,0.2986,0.2789,0.342,0.4439,0.4458,0.4875,0.6469,0.686,0.7123,0.9335,0.9076,0.9339
6,議論の仮定上の話として、科学とは、少なくとも部分的には、万象についての客観的事実に基づく記述の羅列で構成され、それが裏付ける可能性のある理論とは完全に分けられるものだ。,議論のために仮に、科学が少なくとも部分的には、世界に関する客観的に事実な記述のリストで構成され、それらが支持するかもしれないいかなる理論とも無関係に真であると仮定しよう。,とりあえず、科学が少なくとも部分的には、世界に関する客観的に事実な記述のリストから成り、理論に関係なく真であると仮定しよう。,議論のために、科学が少なくとも部分的には、世界に関する客観的な事実の記述のリストから成り立ち、それらの記述は支持する可能性のあるいかなる理論からも独立して真であると仮定してみよう。,0.3158,0.1954,0.2871,0.523,0.3889,0.532,0.6,0.5604,0.6629,0.8462,0.8461,0.9006
7,科学にそのような事実が本当に存在すると仮定しても、科学的事実が理論に裏打ちされたものだと議論する余地はある。,科学にそのような事実が存在するというのが真実だとしても、科学的事実が理論負荷的であると主張することは依然として可能だ。,科学にそのような事実が存在するのが真実だとしても、科学的事実は理論含意的であると主張することは依然として可能だ。,科学にそのような事実が存在するのが真実だとしても、科学的事実が理論に依存していると主張することは依然として可能である。,0.4462,0.4143,0.4621,0.5863,0.5895,0.6464,0.6902,0.6751,0.7294,0.924,0.9042,0.935
9,実験が結果によって事実を生み出すのではなく、どの実験を行うかの選択が、どのような事実が発見されるのかコントロールするのである。,この解釈では、実験が事実を作り出すのではなく、どの実験を行うかの選択が、どの事実が発見されるかを左右する。,この見方では、実験が事実を作り出すのではなく、どの実験を行うかの選択が、どの事実が発見されるかを左右する。,この解釈では、実験は事実を作り出すのではなく、どの実験を実施するかという選択が、どの事実が発見されるかを決定する。,0.5198,0.5198,0.4249,0.6254,0.6254,0.5524,0.7898,0.7785,0.7989,0.9405,0.9409,0.9342
10,例えば、素粒子に関する事実の中には、資本主義下での実験からのみ結果が得られるものがあるが、それ以外で成功させるには多大な資源、組織、強制力がかかるからである。,亜原子粒子に関する事実など、資本主義においてのみ可能な実験からしか得られない事実がある。なぜなら、そのような実験はあまりに多くの資源、組織、そして強制力を必要とし、資本主義以外では実現不可能だからだ。,たとえば、亜原子粒子に関する研究など、非常に多くの資源、組織、そして実行力が必要な実験の中には、資本主義体制下でのみ実現可能なものがある。,亜原子粒子に関する事実など、資本主義下でのみ可能な実験によってのみ得られる事実がある。なぜなら、そのような実験には膨大な資源、組織力、そして実行するための強制力が必要であり、資本主義以外では実現不可能だからだ。,0.2489,0.3262,0.2911,0.4909,0.4905,0.5448,0.6926,0.6692,0.6825,0.9233,0.8986,0.921
14,今週末、引き取りに行く。,週末に引き取ります。,週末に取りに行きます。,週末にこれを受け取ります。,0.2748,0.2738,0.0967,0.6356,0.6303,0.4224,0.6559,0.5801,0.5464,0.9011,0.9025,0.7853
16,既にコイルオーバーは付いていて、車高は下げられている。,車高調済み、ローダウン済み。,車高調が入っていて、車高も下がっています。,車高調とローダウン済み。,0.0282,0.2,0.0231,0.1447,0.3667,0.1238,0.4019,0.4252,0.2911,0.5203,0.6067,0.4657
17,自分でも少しリサーチはしてみたんだけど、もし誰かこの車について何か情報を持ってたら是非。,少し調べてみたのですが、もしこの車について何か情報をお持ちの方がいらっしゃいましたら教えていただけると嬉しいです。,少し調べてみたのですが、もしこの車について何かご存知の方がいらっしゃいましたら教えていただけると嬉しいです。,少し調べてみたのですが、もしこの車について何か情報をお持ちの方がいらっしゃいましたら、ぜひ教えていただきたいです。,0.2801,0.2295,0.2738,0.5641,0.465,0.5186,0.7441,0.7431,0.7344,0.924,0.9212,0.9308
18,個人的な体験談で？,個人的な経験？,個人的なご経験ですか？,個人的な経験についてですか？,0.3419,0.2699,0.2045,0.6392,0.6899,0.6681,0.6651,0.7521,0.7283,0.9461,0.9321,0.9503
19,比べると、そんなに速くないことは分かってる,それに比べて速くないのは分かっています。,速くないのは分かっています。,それに比べて速くないことは承知しています。,0.3237,0.2701,0.3289,0.5914,0.4351,0.5147,0.7882,0.5577,0.7532,0.9121,0.8652,0.8993
23,自分はというと、ボードショーツを穿いた妻虐待者で、ザ・ドメスティック・パートナーはというと、全身タトゥーで新しいヘアスタイルは本人曰く「ネオナチみたい」。,俺はボードショーツにランニングシャツ姿、そして連れ合いは全身タトゥーで、自分で「ネオナチみたい」って言ってた新しい髪型。,俺はボードショーツにランニングシャツ姿、連れ合いは全身にタトゥーがあり、自分で「ネオナチみたい」と言っていた新しい髪型だった。,俺は短パンにランニングシャツ姿、連れ合いは全身タトゥーに身を固め、自分で「ネオナチみたいだ」と言っていた新しい髪型。,0.2782,0.2493,0.1887,0.388,0.3943,0.3627,0.3598,0.3556,0.3286,0.7207,0.7467,0.7026
36,罪を償わせるにはニューヨークが一番期待できる,ニューヨークこそが説明責任を果たすための最良の希望だ。,ニューヨークこそが説明責任を期待できる最良の場所だ。,ニューヨークこそが説明責任を果たすための最良の希望だ。,0.1837,0.3269,0.1837,0.3462,0.5719,0.3462,0.3802,0.4697,0.3802,0.9052,0.9316,0.9052
37,現実世界のコミュニケーションは、状況非依存の意味があるシグナルを送るだけに単純化できない、という重大な証拠がある。,現実世界のコミュニケーションは、文脈に依存しない意味を持つ信号の送受信に還元できないという重要な証拠がある。,現実のコミュニケーションは、文脈に依存しない意味を持つ信号を送ることに還元できないという重要な証拠がある。,現実世界のコミュニケーションは、文脈独立な意味を持つ信号の送受信に単純化できないという重要な証拠がある。,0.4779,0.4252,0.5372,0.6751,0.6395,0.7006,0.5236,0.5263,0.7108,0.837,0.8551,0.9046
43,我々が示唆するのは、状況依存的コミュニケーションが、状況に応じた多面性を持つ現象であり、状況の配分といった環境特性に極めて大きな影響を受けることである。,文脈依存的なコミュニケーションは、文脈の分布といった環境特性に大きく影響される、状況依存的な多層現象であると考えられます。,文脈依存性コミュニケーションは、文脈の分布のような環境特性に大きく影響される、状況依存的な多層現象であると考えられます。,文脈依存的なコミュニケーションは、状況に依存した多層的な現象であり、文脈の分布などの環境特性によって大きく影響されると考えられます。,0.3315,0.2772,0.3102,0.556,0.5191,0.5391,0.6222,0.6463,0.6974,0.8965,0.8827,0.9104
48,幸運にも私は2011年、ニコラスと共にさまざまなプロジェクトをサポートして、思い出に残る半年を過ごした。,2011年にニコラスと一緒に、様々なプロジェクトを支援する貴重な半年間を過ごすことができました。,2011年、幸運にもニコラスと共に様々なプロジェクトを支援する貴重な半年を過ごせた。,2011年、私は幸運にもニコラスと共に、さまざまなプロジェクトを支援する貴重な半年間を過ごすことができました。,0.3309,0.4385,0.4964,0.5667,0.6224,0.7234,0.7359,0.7668,0.7904,0.9242,0.9392,0.9531
49,週末に会って話した時、進捗状況が聞けてとても嬉しかったし、特に植林と農業のサポートについては満足だった。,週末に会った時、進捗状況、特に植林と農家支援について聞けて嬉しかったよ。,週末に会った時、進捗状況、特に植林と農家へのサポートについて聞けて嬉しかったよ。,週末に会った時、進捗状況、特に植樹と農家支援について聞けて嬉しかったよ。,0.3959,0.5107,0.3454,0.6136,0.7126,0.5868,0.7566,0.7718,0.7306,0.93,0.9296,0.9266
61,リヒトは共和党だらけの観客に同調した！,リヒトは共和党支持者のみの聴衆に同意しました！,リヒトは共和党の聴衆に同意しました。,リヒトは共和党支持者「だけ」の聴衆に同意しました！,0.339,0.3804,0.3214,0.6603,0.6232,0.7408,0.6937,0.8178,0.6167,0.8045,0.8514,0.7723
65,繰り返してはいけない。,繰り返せません。,繰り返すことはできません。,繰り返せません。,0.1518,0.1307,0.1518,0.3505,0.3982,0.3505,0.7788,0.8901,0.7788,0.9109,0.9305,0.9109
69,この定期的な作業についにうんざりしたので昨晩、全ての罠からピーナッツ・バターを取り除き、ピスタチオを強力瞬間接着剤で罠にくっ付けた。,昨夜、ついにこの繰り返しにうんざりして、ねり消しについてたピーナッツバターを全部取り除いて、罠にピスタチオを瞬間接着剤でくっつけた。,昨夜、ついにこの繰り返しにうんざりして、罠についていたピーナッツバターを全部取り除き、罠にピスタチオを瞬間接着剤でくっつけた。,昨夜、ついにこの単調な日々にうんざりして、罠についていたピーナッツバターをすべて綺麗にし、ピスタチオを瞬間接着剤で罠に貼り付けた。,0.3868,0.4218,0.4253,0.6873,0.7328,0.6734,0.6382,0.7359,0.5737,0.8628,0.9074,0.8949
71,（お役に立つか分からないけど、市販されている「人道的」な罠のほとんどを全て試してきたのに、ほぼ効果はなかったよ。,ちなみに、市販のほぼ全ての「人道的な」罠を試しましたが、ほとんど効果がありませんでした。,いろいろ試しましたが、市販のほとんど全ての「動物に優しい」罠は、ほとんど効果がありませんでした。,ちなみに、市販されているほぼ全ての「人道的」な罠を試しましたが、ほとんど効果がありませんでした。,0.148,0.1253,0.3239,0.4502,0.3667,0.5318,0.7808,0.6386,0.7891,0.9161,0.886,0.9167
74,そんなことなんてないのにさ、少なくともアルバータ州では。,少なくとも、アルバータ州ではね。,少なくとも、アルバータ州ではそうではありません。,少なくとも、アルバータ州ではそうではありません。,0.3299,0.3924,0.3924,0.5544,0.5944,0.5944,0.7289,0.7595,0.7595,0.8585,0.9115,0.9115
75,確かに事業税はカットされたわ。,確かに彼らは法人税を減税した。,確かに彼らは法人税を削減した。,確かに彼らは法人税を削減した。,0.1209,0.1209,0.1209,0.3816,0.3816,0.3816,0.7069,0.7894,0.7894,0.9292,0.9386,0.9386
84,「グラスゴーで彼を降ろすだけなんで」と、私は連れを身振りで示しながら説明を試みた。,「グラスゴーまで彼を送っていくだけなんです」と私は説明しようとした、旅の連れを指さしながら。,「グラスゴーまで彼を送るだけなんです」と私は説明した、旅の連れを指さしながら。,「グラスゴーまで彼を送っていくだけなんです」と私は説明しようとした、旅の連れを指さしながら。,0.3156,0.3559,0.3156,0.6854,0.7076,0.6854,0.5556,0.586,0.5556,0.826,0.8369,0.826
85,「『グラスゴーで彼を降ろすだけなんで』とは、あまり耳にすることがありませんね」と、その検札員は言った。,「グラスゴーにちょっと彼を降ろしてくるだけなんです、なんてあんまり聞かないセリフだな」と切符売り場の人は言った。,「グラスゴーで降ろすだけだなんて言う人は、あまりいませんね」と切符売り場の人は言った。,「グラスゴーでちょっと降ろしてくるだけ、なんてあまり聞かないセリフだな」と切符売り場の人は言った。,0.2646,0.3939,0.2302,0.5582,0.5976,0.478,0.553,0.5365,0.4798,0.8551,0.8549,0.8453
90,そして、あいつらは本物のキチガイだ。,彼らは本当に頭がおかしい。,彼らは本当にどうかしている。,彼らは本当に狂っている。,0.0931,0.1087,0.0909,0.2921,0.3606,0.2937,0.5462,0.4044,0.4339,0.8368,0.8058,0.8386
95,議論をふっかけて来るやつには大声で怒鳴り返そう。,私たちを言い負かそうとする人たちには、言い返してやりなさい。,私たちの言葉を遮ろうとする人たちには、言い返してやりなさい。,言い負かそうとする人たちには、言い返してやりなさい。,0.0462,0.0371,0.0526,0.3467,0.2583,0.3301,0.4886,0.4258,0.4465,0.8234,0.8419,0.8166
98,隣人と私は同時に帰宅したのだが、彼が咳をしてコロナ粘液の雨あらしを吐きまくっているのが通りの反対側から聞こえた。,私の隣人と私が同時に帰宅したんだけど、向かい側から彼の咳と、コロナの痰が嵐のように吹き上がる音が聞こえてきた。,隣人と私が同時に帰宅したところ、向かい側からコロナのせいでひどく咳き込む音が聞こえてきた。,私の隣人と私が同時に帰宅したところ、向かい側から彼が新型コロナによるひどい咳と痰に苦しんでいるのが聞こえた。,0.2408,0.226,0.3064,0.5333,0.4997,0.5256,0.4946,0.533,0.3625,0.8551,0.8167,0.8162
99,それで僕は、彼を避けようと大急ぎで自分のアパートに入ろうしたが、彼はそれでもなんとか私に追いついてきて立ち話をしたのだった。,彼を避けるために急いでアパートに入ったのに、結局追いつかれて話しかけられちゃった。,彼を避けるために急いで自分のアパートに駆け込んだが、結局追いつかれて話しかけられてしまった。,彼を避けるために急いでアパートに駆け込んだのに、結局追いつかれて話しかけられてしまった。,0.1617,0.2288,0.145,0.4118,0.4311,0.389,0.6082,0.6603,0.5988,0.8292,0.8504,0.8473
107,"4,000回もの苦悩を経て、Ylは自分が愛に包まれた場所にいることに気付き、どうしたらいいか分からないものすごい愛を感じたので、YIには苦悩と愛の両方ともがたくさんある。",4000もの苦難の末、Ylは愛に満ちた場所にたどり着き、どうしていいかわからないほどの大きな感情に戸惑っている。だから、その両方がたくさんある。,4000もの苦難を経て、Ylは愛に溢れた場所に辿り着き、どうすればいいか分からないほどの感情に圧倒されている。その両方が彼女の中で渦巻いているのだ。,4000もの苦難の末、Ylは愛に満ちた場所にたどり着き、どうしていいかわからないほどの大きな感情に戸惑っている。だから、その両方の感情がたくさんある。,0.2736,0.2837,0.2751,0.4949,0.413,0.4842,0.4894,0.6208,0.5115,0.8386,0.8585,0.841
109,昨日の#MangoMoronの失態はとんでもないものだった。,昨日の#MangoMoronの大失敗は、とんでもない大失敗だった。,昨日の#MangoMoron騒動は、本当にとんでもない失態だった。,昨日の#MangoMoronの騒動は、まったくひどい騒動だった。,0.6548,0.6357,0.5329,0.8685,0.8746,0.6825,0.7256,0.7839,0.7131,0.8922,0.9464,0.8841
113,来週の半ばには、寒冷前線がやってくるでしょう。,来週の半ばまでに寒冷前線が到来するでしょう。,来週の半ばには寒冷前線が来るでしょう。,来週の半ばまでに寒冷前線が到来するでしょう。,0.5206,0.6062,0.5206,0.7329,0.7921,0.7329,0.8571,0.8777,0.8571,0.9515,0.9678,0.9515
114,今朝未明の赤外線探知衛星と地上観測によりますと、低層雲が広がり雲がまばらなエリアがあるでしょう<URL>,今朝早く、IR衛星と地上観測により、低層の層雲が拡大しており、まだらな<URL>が確認されました。,今朝早く、IR衛星と地上観測により、低層の層雲が拡大しており、まだらな<URL>が広がっているのが確認されました。,今朝早く、IR衛星と地上観測により、低層の層雲が拡大しており、まだらな<URL>が確認されました。,0.3183,0.3121,0.3183,0.5363,0.5713,0.5363,0.5803,0.6234,0.5803,0.76,0.762,0.76
121,信頼のおけるセールスフォースのパートナーを見つけ、その専門知識を活用し、御社のCRM投資の価値を最大限に生かしましょう。,信頼できるSalesforceパートナーを見つけて、その専門知識を活用し、CRM投資の価値を最大化しましょう。,信頼できるSalesforceパートナーを見つけて、その専門知識を活用し、CRM投資の価値を最大限に高めましょう。,信頼できるSalesforceパートナーを見つけて、その専門知識を活用し、CRM投資の価値を最大限に高めましょう。,0.5553,0.5735,0.5735,0.6865,0.6988,0.6988,0.8238,0.8309,0.8309,0.9459,0.9471,0.9471
122,セールスフォースのパートナーが導入、カスタマイズ、調整のお手伝いと継続的なサポートを提供し、セールスフォースのエコシステムで御社のビジネス繁栄を実現させます。,Salesforceパートナーがどのように実装、カスタマイズ、インテグレーション、継続的なサポートで貴社を支援し、Salesforceエコシステムでビジネスを成功に導くかをご紹介します。,Salesforceパートナーが実装、カスタマイズ、インテグレーションズ、継続的なサポートを通じて貴社のSalesforceエコシステムでのビジネスの成功を支援する方法をご紹介します。,Salesforceパートナーが、実装、カスタマイズ、インテグレーション、継続的なサポートを通じて貴社のビジネスをどのように支援し、Salesforceエコシステムでの成功を可能にするかをご紹介します。,0.3045,0.3319,0.3084,0.4993,0.5149,0.4798,0.7621,0.7342,0.7412,0.9249,0.9204,0.9288
137,でも、あの船には他の人もよく飛んで来ている。,しかし、その船にはもう一人の人物がよく搭乗している。,しかし、その船にはもう一人がよく乗っている。,しかし、その船には別の人物がよく搭乗している。,0.2235,0.2538,0.2501,0.6004,0.5448,0.5715,0.5302,0.5713,0.5791,0.7676,0.7531,0.7965
142,ザ・ラスト・オブ・アスは、ダディフィケーションの分かりやすく標準的な一例である。,The Last of Usは、ダッド化の分かりやすく典型的な例だ。,『The Last of Us』は、典型的な「ダディ化」の代表例と言えるでしょう。,The Last of Usは、ダッド化の分かりやすく典型的な例だ。,0.1882,0.0576,0.1882,0.3472,0.2361,0.3472,0.5824,0.6209,0.5824,0.7794,0.8322,0.7794
144,ダディフィケーションでは大抵、親代わりの人物が、子供もしくは子供の代役の世話をするか守らなくてはいけない状況を解決する策として、力を圧倒することが仮定され、非常に特殊な形の力関係を強いるためにその力が使われている。,父性化とは、親のような立場の者が子供や子供の代わりとなる者を世話したり保護したりしなければならない状況に対する解決策が、圧倒的な力であり、その力を使って非常に特異な形の力関係を強制することであると通常仮定する。,父親化とは、親が子供やそれに準ずる者を世話または保護しなければならない状況に対し、圧倒的な力を行使し、特定の力関係を強制することが解決策であるとみなす考え方を指すことが多い。,父性化とは通常、親のような立場の者が子供やそれに準ずる者を世話したり保護したりしなければならない状況に対し、圧倒的な力こそが解決策であり、その力を用いて非常に特異な力関係を強制することだと仮定するものである。,0.2319,0.1458,0.16,0.5103,0.3909,0.4621,0.5589,0.5307,0.5587,0.854,0.8507,0.8624
147,当社のウェブサイトの利用方法について簡単にご説明します。,当ウェブサイトのご利用方法の簡単な概要です。,当サイトのご利用方法について簡単に説明します。,当ウェブサイトのご利用方法の簡単な概要をご紹介します。,0.3393,0.6192,0.4118,0.6281,0.8321,0.6939,0.8297,0.8385,0.8362,0.9399,0.9639,0.9492
148,− 航空券が発売されましたら通知を送信いたします。,航空券がセールになった際にお知らせを送信します。,航空券が割引になったら、お知らせを送信します。,航空券がセールになった際にお知らせを送信します。,0.2574,0.2657,0.2574,0.5401,0.5423,0.5401,0.7653,0.7101,0.7653,0.9115,0.9278,0.9115
153,ウクライナの子どもたちには、平和で安定した環境で育つ権利がある。,ウクライナの子供たちは、平和で安全な環境で成長する権利を有します。,ウクライナの子どもたちは、平和で安全な環境で成長する権利があります。,ウクライナの子どもたちには、平和で安全な環境で成長する権利があります。,0.396,0.5473,0.6157,0.695,0.7957,0.8286,0.8316,0.8252,0.8335,0.977,0.9814,0.982
159,時と共にDartは、私の手っ取り早くて頼りになるユーザインタフェースとなった。,時間の経過とともに、dartは手軽なUIに最適な選択肢になった。,時間が経つにつれて、手軽にUIを開発するならDartが一番になった。,時間の経過とともに、Dartは手軽なUIを構築する際の頼りになる存在となった。,0.1464,0.1454,0.2881,0.4163,0.3649,0.5173,0.5008,0.5578,0.6155,0.7887,0.7794,0.8631
164,アメジスト色とマゼンタ色の針をもつハリモグラ。,アメジストとマゼンタのトゲを持つハリモグラ,アメジストとマゼンタのトゲで飾られたハリモグラ。,アメジストとマゼンタ色のトゲを持つハリモグラ。,0.5283,0.4963,0.6652,0.7749,0.7266,0.8628,0.5691,0.6088,0.6271,0.7025,0.7751,0.8254
166,尾はとても太いです。,彼らの尻尾は非常に太いです。,彼らの尾は非常に太いです。,彼らの尾は非常に太いです。,0.3058,0.3326,0.3326,0.6652,0.6717,0.6717,0.6791,0.7837,0.7837,0.9353,0.9468,0.9468
168,目は梨型で、真っ赤なキャットアイ型の眼鏡をかけています。,彼らの目はナシのようで、真っ赤なキャッツアイの眼鏡をかけている。,彼らの目は真珠色で、真っ赤なキャッツアイの眼鏡をかけている。,彼らの目はナシ形で、真っ赤なキャッツアイの眼鏡をかけている。,0.4989,0.534,0.534,0.7701,0.7756,0.7756,0.5995,0.6581,0.6454,0.6512,0.8704,0.7326
172,ブラム・ストーカー、マックス・シュレック、ステファニー・メイヤーは、バンパイアを悪者に見せようと一生懸命努力をしてるけどね、みんな…,ブラム・ストーカー、マックス・シュレック、ステファニー・メイヤーが彼らを悪く見せようと最大限の努力をしたにもかかわらず、皆…,ブラム・ストーカー、マックス・シュレック、ステファニー・メイヤーが悪者にしようと躍起になるにもかかわらず、皆は…。,ブラム・ストーカー、マックス・シュレック、ステファニー・メイヤーが悪者に見せようと努力したにもかかわらず、皆…,0.5835,0.5321,0.586,0.6933,0.6596,0.6829,0.6755,0.4548,0.6468,0.8969,0.8708,0.8463
174,現実の世界では、うちのお母さんは昔僕が作ったパズルゲームをとても気に入り、ほとんどの秘密を自力で見つけたので、お母さんがそのゲームを気に入ったと言ったのは、母親として言っただけではなかったのだ。,現実では、母が何年も前に私が作ったパズルゲームを気に入って、ほとんどの隠し要素を自力で見つけたので、褒め言葉がお母さん目線だけのものではなかったんです。,実を言うと、母は何年も前に私が作ったパズルゲームを気に入り、ほとんどの隠し要素を自力で解いたので、親バカで褒めていたわけではないんです。,現実では、母は私が何年も前に作ったパズルゲームを気に入り、ほとんどの隠し要素を自力で見つけました。お母さんだから褒めているだけではなかったんです。,0.3971,0.2925,0.3761,0.5076,0.3849,0.4841,0.5948,0.598,0.6469,0.8901,0.8708,0.9025
177,標準中国語と福建語の両方か、そのどっちかに訳さないといけないけれど、僕はどっちも全然できないんだ。,"Here's the Japanese translation:

**北京語（標準中国語）もしくは福建語に翻訳する必要があり、どちらも全く分からないので、翻訳のみを提供してください。**",北京語（標準中国語）もしくは福建語に翻訳する必要があり、どちらも全く分からないので、翻訳のみで結構です。,我需要把它翻译成普通话和/或福建话，但我两种语言都不会。,0.0737,0.124,0.014,0.4021,0.4147,0.0545,0.4991,0.585,0.3381,0.6852,0.8045,0.6552
179,少し前からあれこれ考えていることがある:,この考えをしばらくの間、弄んでいる。,この考えをしばらくの間、あれこれ考えている。,この考えをしばらくの間、あれこれ考えている。,0.0625,0.3893,0.3893,0.2422,0.5061,0.5061,0.3418,0.5076,0.5076,0.6835,0.8655,0.8655
180,メンタル・ヘルスは「通常の」健康とは別のものとして捉えられがちだ。,メンタルヘルスは、しばしば「普通の」健康とは別のものとして見なされる。,メンタルヘルスは、しばしば「通常の」健康とは別のものとして見なされる。,メンタルヘルスは、「普通の」健康とは切り離されたものと見なされることが多い。,0.5039,0.5852,0.2919,0.7447,0.7803,0.589,0.8001,0.8161,0.8159,0.9486,0.95,0.9388
182,心の中で起こることなので、身体的健康よりも目に見えにくいと思われるからだ。,心の中で起こり、身体的な健康よりも実体がなさそうに見えるから。,それは心の中で起こることであり、身体的な健康に比べて目に見えにくいからである。,心の中で起こり、身体的な健康に比べて実体が捉えにくいように思われるため。,0.349,0.4592,0.3455,0.5442,0.7453,0.5288,0.5715,0.8364,0.7279,0.8583,0.9658,0.9194
194,聴いてみる価値は大あり。,ぜひ挑戦する価値あり。,ぜひ試してみる価値はあります。,ぜひ挑戦してみる価値はある。,0.2142,0.375,0.376,0.4949,0.7182,0.5757,0.6616,0.7736,0.7201,0.8686,0.8899,0.8702
196,Flutterをちょこっと試してる。,Flutterを少し触ってみています。,Flutterを少し試しています。,Flutterを少し試しています。,0.4057,0.4782,0.4782,0.639,0.6652,0.6652,0.7368,0.8177,0.8177,0.8509,0.9169,0.9169
197,正直なところ僕は、Googleのテクノロジーを自分のビジネスの基盤にするのは嫌なんだけど、その一方でGoogleは、感動的なクロスプラットフォームエクスペリエンスを生み出す実質的なインセンティブを備えた、数少ない大手の1つであることは一目瞭然だ。,正直に言うと、グーグルの技術に事業の基盤を置きたくはない。一方で、グーグルは魅力的なクロスプラットフォーム体験を生み出す本当のインセンティブを持っている数少ない大企業の一つであり、それは明らかだ。,正直なところ、グーグルの技術に事業の基盤を置くのは気が進まない。しかし、グーグルは魅力的なクロスプラットフォームエクスペリエンスを生み出す真の動機を持つ数少ない大企業のひとつであり、それは明らかだ。,正直なところ、グーグルの技術に事業の基盤を置くのは気が進まない。しかし、グーグルは、魅力的なクロスプラットフォーム体験を生み出す強い動機を持つ数少ない大企業のひとつであり、それは明らかだ。,0.262,0.3164,0.2305,0.4792,0.4942,0.4085,0.7155,0.6597,0.6515,0.9088,0.9015,0.8916
199,それから、iOSとmacOS上のGoogleやFlutterのアプリは最悪だと僕に言うのはやめて頂きたい。,また、GoogleやFlutter製のアプリがiOSやmacOSでは使い物にならないといった話はしないで、翻訳だけを提供してください。,また、グーグルやフラッター製のアプリがiOSやmacOSで使い物にならないといった話はせずに、翻訳のみを提供してください。,また、GoogleやFlutter製のアプリがiOSやmacOSでは使い物にならないという話はしないでください。,0.3308,0.1377,0.3976,0.6211,0.3627,0.6339,0.4831,0.4787,0.6833,0.8035,0.7913,0.8827
200,上手にやろうとすると、クロスプラットフォームは難しい。,クロスプラットフォームをきちんとやるのは難しい。,クロスプラットフォームをうまくやるのは難しい。,クロスプラットフォームをきちんと行うのは難しい。,0.5249,0.5232,0.5179,0.7051,0.7078,0.6705,0.6494,0.6256,0.6332,0.9008,0.9218,0.8784
201,それは分かっているから。,知ってるよ。,知っています。,知ってるよ。,0.071,0.1286,0.071,0.2769,0.3261,0.2769,0.6459,0.7028,0.6459,0.7774,0.7547,0.7774
202,Leaseyの最新アップデートをダウンロードして頂いたお客様方に感謝申し上げます。,Leaseyの最新アップデートをダウンロードしてくださった皆様、ありがとうございます。,Leaseyの最新アップデートをダウンロードしてくださった皆様に、ありがとうございます。,Leaseyの最新アップデートをダウンロードしてくださった皆様、ありがとうございます。,0.5914,0.5822,0.5914,0.7235,0.7442,0.7235,0.87,0.8748,0.87,0.9562,0.9572,0.9562
209,なぜ自分の頭で理解できないのかよく分からない、てゆうか、ツールが色々あり過ぎて漠然としているし'選択肢が多すぎる'から頭がフリーズしてしまうからかもしれない。,なぜ私の脳が理解できないのか正確にはわからない。ツールが広範かつ曖昧すぎて、「選択肢が多すぎる」せいで脳がフリーズしてしまうのかもしれない。,なぜ自分の頭でうまく理解できないのか دقیقにはわからないが、ツールが広範かつ曖昧なため、「選択肢が多すぎる」ことで思考停止してしまうのかもしれない。,なぜ私の脳がそれを理解できないのか正確にはわからない。ツールが広範かつ曖昧すぎて、「選択肢が多すぎる」せいで脳がフリーズしてしまうのかもしれない。,0.4279,0.4336,0.4294,0.6197,0.544,0.6173,0.7545,0.594,0.7676,0.8995,0.8946,0.9023
211,Grafanaは良さそうだね。,Grafanaは見栄えが良いですね。,Grafanaは見栄えがいい。,Grafanaは見栄えが良いですね。,0.4354,0.4901,0.4354,0.7117,0.5967,0.7117,0.8145,0.6849,0.8145,0.8162,0.7505,0.8162
213,もうすぐ、新しい#FFXIVのレイドティアが出るころだから、「ああ、レベルに合ったレイドに挑戦したいけど、パーティ検索がうまくいかなくて、入れるパーティを見つけられる気がしない」とずっと考えている。,新しい #FFXIV のレイド tier が近づいてきて、「ちゃんとレイドに挑戦してみたいなあ、でもパーティ募集は荒れてそうだし、固定なんて見つかるわけないよなあ」ってずっと考えてた。,新しい #FFXIV のレイド段階が近づき、「ちゃんとレイドに挑戦したいけれど、パーティ募集はうまくいかないだろうし、固定パーティーを組むのは無理だろうな」とずっと考えていた。,新しい #FFXIV のレイド tier が近づいてきて、「ちゃんとレイドに挑戦してみたいなあ。でも、パーティ募集は大変そうだし、固定メンバーなんて見つかるわけないよなあ」ってずっと思ってた。,0.3,0.4216,0.2762,0.5135,0.5811,0.4447,0.5462,0.5908,0.5489,0.863,0.8426,0.8798
214,そういうわけで思い付いた、やっちゃえ！,くそくらえ！,もう、どうでもいいや！,まあ、どうでもいいや！,0.0206,0.0305,0.0295,0.1444,0.2198,0.1923,0.3041,0.541,0.607,0.4649,0.6893,0.7029
216,自分は全然うまくないからと思って、レイドパーティに参加するのをためらっている人がたくさんいる。,レイド固定に入るのを試すのをためらうほど不安で、上手くなろうという期待は全くない人たちでいっぱい！,レイド固定に入るのをためらうほど不安な人でいっぱいで、しかも上手くなれるとは全く期待していない人ばかりだ！,レイド固定に参加するのをためらうほど不安な人でいっぱいで、上手くなることを全く期待していない人たちばかりだ！,0.1559,0.1572,0.2409,0.4464,0.4219,0.4925,0.2824,0.4014,0.4875,0.8282,0.8277,0.8734
219,若い頃私は熱心な読書家だった。,若い頃は、本の虫だった。,若い頃は、貪欲な読書家だった。,若い頃は、本の虫だった。,0.2469,0.5828,0.2469,0.5299,0.7938,0.5299,0.3673,0.8005,0.3673,0.7059,0.9612,0.7059
227,ブルームバーグではこういう話はしないよね！,ブルームバーグじゃ報道されないだろうな！,ブルームバーグでは報道されないだろう！,ブルームバーグでは報道されないだろうな！,0.3227,0.4315,0.4313,0.5016,0.6072,0.5914,0.7749,0.737,0.7524,0.8404,0.8739,0.8577
228,でも、Spotifyの四半期が好調だったら、話題にすると思う。,しかし、もしスポティファイの業績が良ければ、そうなるでしょう。,しかし、もしSpotifyの業績が良ければ、そうなるだろう。,しかし、もしスポティファイの業績が良ければ、そうなるでしょう。,0.0349,0.2674,0.0349,0.1884,0.4854,0.1884,0.5044,0.6007,0.5044,0.7795,0.8446,0.7795
230,空洞化して衰退する国中の都市をやつらに復活させてもらおう。もう一度。,全国の空洞化し荒廃した都市を再建させよう。,全国の空洞化し荒廃した都市を、再び再建させよう。,全国の空洞化し荒廃した都市を再建させよう。もう一度。,0.1124,0.1192,0.2896,0.3512,0.348,0.5262,0.6694,0.7204,0.7343,0.8434,0.8846,0.8836
231,やつらはもっと良い暮らしを望んでる。,これらの人々は、生活を向上させたいと思っています。,これらの人々は、生活を良くしたいと思っています。,これらの人々は、生活を向上させたいと思っています。,0.0245,0.0273,0.0245,0.1872,0.2419,0.1872,0.6822,0.7286,0.6822,0.9196,0.922,0.9196
234,「リモートワークは終わりだ」とか「リモートワークは失敗だ」と主張する見出しには飽き飽きしている。,「リモートワークは終わった」とか「リモートワークは失敗だった」という見出しには、もううんざりだ。,「リモートワークは終わった」とか「リモートワークは失敗だった」といった見出しには、本当にうんざりします。,「リモートワークは終わった」とか「リモートワークは失敗だった」という見出しには、もううんざりだ。,0.6013,0.5527,0.6013,0.7607,0.7756,0.7607,0.7418,0.7339,0.7418,0.9471,0.9436,0.9471
240,ムッとするような、うるさいオフィスではなく快適な場所で働く事ができる。,人々が、息苦しい騒がしいオフィスではなく、快適な空間で働けるようにする。,人々が息苦しい、騒がしい事務所ではなく、快適な空間で働けるようにする。,人々が息苦しく騒がしいオフィスではなく、快適な空間で働けるようにする。,0.3351,0.1627,0.3489,0.546,0.4509,0.566,0.6141,0.6838,0.6909,0.9129,0.9149,0.9146
243,これらの事実をただ軽視することは間違っていると言える。,これらの事実を無視するのは間違っている。,これらの事実を無視することは間違っている。,これらの事実を無視するのは間違っている。,0.4738,0.6283,0.4738,0.6544,0.7413,0.6544,0.7926,0.776,0.7926,0.9553,0.9567,0.9553
248,パーカーは、中絶について、そして、現代の都市に住む女性が自分のキャリアのために子供を持つことを遅らせたい衝動にかられていることに触れた。,パーカーは中絶と、現代の都市に住む女性がキャリアのために出産を遅らせようとする傾向について言及した。,パーカーは中絶と、キャリアのために出産を遅らせようとする現代都市の女性たちの考えに言及した。,パーカーは、中絶と、現代の都市に住む女性がキャリアのために出産を遅らせようとする傾向について言及した。,0.3844,0.2183,0.4238,0.5647,0.4847,0.5744,0.7473,0.7052,0.738,0.9266,0.9107,0.9239
255,自分の生活を変えて努力するのに何年もかかったけど、ついに…,何年も生活を変え、努力した結果、ついに…,長年の努力と生活改善の末に、ついに…,何年も生活を変えて努力した結果、ついに…,0.2893,0.1533,0.3851,0.5607,0.4296,0.601,0.8048,0.7285,0.8147,0.9204,0.8574,0.9194
264,家の中でも必要になるかもしれないから、自転車用のジャケットにライナーを取り付けよう。,念のため、サイクリングジャケットにライナーをファスナーで取り付けます。,念のため、サイクルジャケットにライナーをファスナーで取り付けます。,念のため、サイクリングジャケットにライナーをファスナーで取り付けておきます。,0.3058,0.3024,0.3085,0.4429,0.445,0.4397,0.3763,0.4053,0.4079,0.8153,0.8125,0.8362
266,Wikipediaのコンポーネントライブラリー(OOUI)用に。,これは、ウィキペディアのコンポーネントライブラリ（OOUI）のためのものです。,これはウィキペディアのコンポーネントライブラリー（OOUI）用です。,これは、ウィキペディアのコンポーネントライブラリ（OOUI）に関するものです。,0.374,0.4688,0.3791,0.5403,0.6186,0.5665,0.7614,0.7985,0.7149,0.9078,0.9315,0.8971
270,一時的に分離したツリーを作成して、そこにMOをインストールして、切り離されるか確認する（なので、他の場所につけられる）。,一時的な親オブジェクトを分離して作成し、そこにMOをインストールし、それが分離される（つまり、別の場所にアタッチされる）のを観察します。,一時的な親オブジェクトを分離して作成し、そこにMOをインストールした後、それが別の場所に接続するために分離される様子を観察します。,一時的な親オブジェクトを分離した状態で作成し、そこにMOをインストールして、それが分離される（つまり、別の場所に取り付けられる）ことを確認します。,0.363,0.3714,0.4234,0.6411,0.5698,0.744,0.5443,0.571,0.624,0.8108,0.8143,0.832
276,1日2回、私のオフィスで好き勝手に駆け回っているので、体が締まってる。,彼は毎日私のオフィスを2往復も走り回っているから、完全に筋肉ムキムキになっているんだ。,彼は毎日私のオフィスを2往復も走り回っているから、筋肉隆々としているんだ。,彼は毎日私のオフィスを2往復も走り回っているから、 बिल्कुल 体がバキバキになっているんだ。,0.2177,0.2411,0.2085,0.4457,0.3481,0.4915,0.4655,0.4352,0.4712,0.8243,0.8491,0.7571
278,成長する姿を見ていると幸せな気持ちになるわ。,彼が活躍しているのを見ると、とても嬉しいです。,彼が元気で頑張っているのを見ると、とても嬉しいです。,彼が活躍しているのを見ると、とても嬉しいです。,0.0959,0.0864,0.0959,0.2642,0.2837,0.2642,0.6844,0.6671,0.6844,0.8994,0.9013,0.8994
285,先週はたくさんの作業が終わって、畑の作物も良い感じになってきた。,先週はたくさん終わらせることができて、現場の件もだいぶ良くなった気がする。,先週は多くのことを終えられ、フィールド業務もかなり改善されたと感じています。,先週は多くのことを終えられ、フィールド業務についてもかなり良い感触を得ています。,0.221,0.0616,0.0746,0.5284,0.3758,0.3403,0.5325,0.645,0.5855,0.8176,0.8738,0.8503
286,コラード、ケール、チャードはすべて植え替えた。,すべてのコラード、ケール、スイスチャードは移植済みです。,コラード、ケール、スイスチャードはすべて移植済みです。,すべてのコラード、ケール、スイスチャードは移植されます。,0.4672,0.5577,0.4672,0.7958,0.7992,0.7958,0.5091,0.5156,0.4966,0.7391,0.7506,0.7321
289,また、そこの畑ではサラダの列に種を撒いて両方の畑に葉物野菜を統合する必要があり、収穫以外のスキルの90％を占めるかんがい、土作り、移植について訓練を受けた作業員がいる。,また、サラダ菜をそこに播種して、カット野菜を組み込む必要があります。灌漑、畝作り、移植については訓練されたクルーがおり、これは収穫以外のスキルの90％を占めます。,また、そこにサラダ菜の種をまき、カット野菜として利用できるようにする必要があります。灌漑、育苗床作り、移植については訓練されたクルーがおり、これは収穫以外のスキルの90％に相当します。,また、サラダ菜の列をそこに作り、カット野菜を混ぜる必要もあります。灌漑、畝作り、移植については訓練された作業員がおり、これらは収穫以外の作業スキルの90%を占めます。,0.3799,0.3522,0.3326,0.5635,0.5425,0.5781,0.3884,0.3688,0.5172,0.8496,0.8629,0.8634
294,ナビの指示に従った経験からいえば、Googleマップに比べてAppleマップの方がずっと優れてますね。,Apple Maps の方が Google Maps よりも、ナビゲーションの指示に従う体験がはるかに優れていた。,Appleマップの方がGoogleマップよりも、ナビゲーションがずっと使いやすかった。,Apple Mapsは、Google Mapsと比べて、道案内の体験が格段に優れていた。,0.2914,0.4225,0.2424,0.5201,0.5976,0.4447,0.6046,0.4901,0.464,0.9245,0.8861,0.8803
295,Appleマップの勝ちと言えます。,Apple Maps の勝ち。,Apple Mapsの勝利。,Apple Mapsの勝ち。,0.2928,0.2528,0.2928,0.4563,0.378,0.4591,0.6314,0.6365,0.5765,0.9032,0.8817,0.9156
302,だとしても、私には先入観がある。,そうは言っても、私は偏っています。,そうは言っても、偏見があるかもしれません。,そうは言っても、私の意見には偏りがあります。,0.1584,0.1258,0.1505,0.3175,0.4171,0.5184,0.4231,0.5057,0.5389,0.7844,0.8856,0.8698
305,しかし、政府は現在の居住システムを変更しないと思うなら、土地こそが富豪の財を成すものと言える。,しかし、政府が今の制度を変えないと考える限り、富の貯蔵庫として優れているのは土地だからです。,しかし、政府が今の制度を変えないと考える限り、富の貯蔵庫として優れているのは土地だからです。,しかし、政府が現在の制度を変えないと考える限り、富の貯蔵庫として優れているのは土地だからです。,0.1755,0.1755,0.1956,0.3978,0.3978,0.4631,0.6014,0.6014,0.6066,0.8806,0.8806,0.883
309,中国では土地は借りるだけである。,中国では土地はリースしかできません。,中国では土地はリースのみです。,中国では土地はリースすることしかできません。,0.3482,0.3986,0.2875,0.5453,0.5556,0.5831,0.3908,0.5081,0.4574,0.9296,0.9309,0.9368
311,政府は、やろうと思えば、いつでも方針を変更出来る。,政府は、これらの政策をいつでも変更できます。,政府は、これらの政策をいつでも変更できる。,政府は、これらの政策をいつでも変更できます。,0.217,0.228,0.217,0.3834,0.4408,0.3834,0.7545,0.7581,0.7545,0.9165,0.9231,0.9165
312,土地は一時的なものなのだ。,土地は一時的なもの。,土地は仮のもの。,土地は一時的なものだ。,0.6694,0.1505,0.7534,0.7382,0.458,0.8387,0.8093,0.6434,0.9044,0.9698,0.9158,0.9674
318,そういった理由で、中国では賃貸借のみ許可されている。,だから中国はリースしか認めていない。,だから中国では、賃貸契約しか認められていないのです。,だから中国はリースしか認めていない。,0.0448,0.1628,0.0448,0.1903,0.4079,0.1903,0.3112,0.59,0.3112,0.8228,0.9087,0.8228
322,皆さんの明るい未来に向けて、これからも力を合わせていきましょう。,すべての人々にとって、より明るい未来を創造するために、共に努力し続けましょう。,力を合わせ、皆でより良い未来を築いていきましょう。,すべての人々にとって、より明るい未来を創造するために、共に努力し続けましょう。,0.2107,0.3643,0.2107,0.4468,0.5498,0.4468,0.8037,0.7674,0.8037,0.9411,0.944,0.9411
325,実際の残酷さがどのようなものかを示す証拠がこんなにあふれている中で、人間には自分を「かなり」卑下する能力があることを不思議に思うことがよくある。,自分をひどく卑下する人間の能力を、実際の残酷さを示す証拠がこれほど多くあるにもかかわらず、不思議に思うことがよくある。,実際の残酷さを目の当たりにする証拠が数多くあるにもかかわらず、人はなぜこうも自己を卑下できるのか、いつも不思議に思う。,これほど残酷な現実があるにもかかわらず、人間が自分をひどく卑下することによく疑問を感じる。,0.4058,0.2049,0.0916,0.6351,0.5149,0.3956,0.6971,0.7284,0.67,0.9076,0.9318,0.8994
326,最も非難されるべき行為の責任がある人々に「成功者」の称号が与えられがちな世界で、個人的な失敗や罪悪感に苛まれるなんて…,「成功」が最も非難されるべき行為の責任者たちにしばしば与えられる世界で、個人の失敗と罪悪感に苦悩すること…。,「成功」が、もっとも নিন্দ責 (dinseki)されるべき行為を行った者に与えられるような世の中で、個人の失敗や罪悪感に苦悩すること。,最も非難されるべき行為を行った責任者たちが「成功」を収めるような世界で、個人の失敗や罪悪感に苦悩すること。,0.4354,0.2811,0.4045,0.6897,0.5509,0.6028,0.5323,0.3904,0.5647,0.8109,0.7292,0.858
332,"そして、""モーダルエディターは今や使いものにならない！"":morty:",もしくは「モーダルエディタは今や無用」:morty:,もしくは「モーダルエディターは今や無用」:morty:.,もしくは「モーダルエディターなんて今どき時代遅れ」:morty:,0.3878,0.4778,0.4142,0.5739,0.6101,0.6188,0.6974,0.6956,0.6864,0.869,0.8739,0.8463
333,自分の#Axumプロジェクトから共有ライブラリに機能を抜き出している私：「今、このやり方に完全にはまってる」：partyparrot:helix：ferrisdance:,俺の#Axumプロジェクトの機能を共有ライブラリに抽出する作業: 「ちょっとキーボード貸して」:partyparrot: :helix: :ferrisdance:,「#Axumプロジェクトの機能を共有ライブラリに抽出する作業か…、ちょっくら本気出すか:partyparrot: :helix: :ferrisdance:」,俺が#Axumプロジェクトの機能を共有ライブラリに抽出する作業中の一コマ：「ちょっとキーボード貸して」:partyparrot: :helix: :ferrisdance:,0.5393,0.5255,0.5351,0.7017,0.7028,0.7076,0.4541,0.4849,0.404,0.802,0.7443,0.819
337,今週のRevelationsサイトのメッセージは、一晩中起きている事だって。,今週のRevelationsのお題は、徹夜。,今週のRevelationsのお題は、寝ずに起きていること。,今週のRevelationsのテーマは、徹夜です。,0.3188,0.4534,0.3467,0.4918,0.6096,0.513,0.3431,0.4778,0.3279,0.7839,0.8063,0.795
339,卑猥と言うより断然ロマンチックだと思う。,どちらかと言えば、エロよりロマンスです。,どちらかというと、猥褻というよりロマンスです。,どちらかというと、エロというよりロマンスです。,0.1083,0.12,0.1171,0.3512,0.4377,0.4081,0.3862,0.5457,0.3779,0.7764,0.8604,0.7971
341,それに、いつか僕は完全なマイル ハイ オーガズムをやってみるつもりだ。str と一緒ではないかもしれないけど。,いつか絶対、飛行機の中でオーガズムを体験してやる。相手は知らない人じゃないかもしれないけど。,いつか絶対に、飛行機の中で最高のオーガズム体験をしてやる。相手は誰かは秘密だけど。,いつか絶対、飛行機の中でオーガズムを体験してやる。相手は見知らぬ人じゃないかもしれないけど。,0.3246,0.132,0.3217,0.4917,0.3682,0.4772,0.3969,0.378,0.4066,0.7426,0.7583,0.7413
345,「誰をフォローするべきか」何かオススメがあるといいなぁ。,フォローすべき人のレコメンデーション機能みたいなのがあればいいのに。,おすすめのフォロー候補が表示される機能があればいいのに。,フォローすべき人のレコメンデーション機能があればいいのに。,0.1568,0.1223,0.1759,0.4245,0.361,0.4087,0.6512,0.6346,0.6499,0.862,0.8503,0.8553
348,なので、使うならもう少し努力がいるし、#UXを改善するにはいいアプリが多分必要だと思う。,つまり、始めるにはもう少し手間がかかり、#UXを向上させるには優れたアプリが必要になるでしょう。,つまり、導入には少し手間がかかるため、#UXを改善するには優れたアプリが必要になるでしょう。,つまり、導入には多少の努力が必要で、#UXを向上させるには優れたアプリがあると良いでしょう。,0.2235,0.3233,0.2141,0.5399,0.5683,0.5744,0.7422,0.7169,0.7352,0.9042,0.8935,0.8813
354,介入：信頼限界の範囲内で、変化を起こすために私たちができる事についての知識,変化を生み出すためにできることに関する知識（ある程度の信頼区間内で）。,介入とは、一定の確信をもって変化を生み出すためにできることに関する知識である。,介入：ある程度の信頼区間内で、変化を起こすためにできることに関する知識,0.1481,0.1399,0.4087,0.413,0.4397,0.6114,0.5282,0.7262,0.7271,0.8801,0.8838,0.9261
360,この場にいるし、何があろうとこのようなことを言い続けるだろう。,彼はここにいるし、何があってもこれを言うつもりだ。,彼はここにいるし、どうあがいてもこれを言うだろう。,彼はここにいるし、何があってもこれを言うだろう。,0.2638,0.2316,0.3282,0.4408,0.5249,0.5431,0.721,0.61,0.6996,0.9312,0.8501,0.9135
362,いまのところ、すごくつまらない。,今は期待外れだ。,今のところ、あまり впечатен впечатлен впечатлен впечатлен впечатлен впечатлен впечатлен впечатлен впечатлен впечатлен впечатлен впечатлен впечатлен впечатлен впечатен впечатlen.,今は期待外れだ。,0.0203,0.023,0.0203,0.0329,0.1887,0.0329,0.6061,0.2342,0.6061,0.7426,0.2563,0.7426
363,「Music LMデモ版」は、ちょっとおもしろい。,MusicLM Demo は、まあまあ面白いです。,MusicLM Demoは、そこそこ面白いです。,MusicLM Demo は、まあまあ面白いです。,0.2793,0.2793,0.2793,0.4089,0.4105,0.4089,0.7157,0.6901,0.7157,0.9004,0.8908,0.9004
368,自分の1RMを全く知らずにウェイトリフティングをするのはおかしいよね、だってそれが進捗度を記録する基準のひとつなんだから。,筋トレしてるのに、自分の最大挙上重量がどれくらいか全然知らないのって変な感じだよね。だって、それって進捗を把握する上でめっちゃ重要な指標の一つじゃん。,筋トレしているのに、自分のワンレップマックスがどれくらいか知らないのは変な感じだよね。だって、それって進捗を把握する上でとても重要な指標の一つだからね。,筋トレをしているのに、自分の最大挙上重量がどれくらいか全く知らないのは変な感じだよね。だって、それは進捗を把握する上で非常に重要な指標の一つだから。,0.0589,0.0696,0.1266,0.4014,0.4637,0.5226,0.5837,0.5363,0.5511,0.8694,0.8978,0.8792
369,寝室で一人でトレーニングをしてるけど、スポッターはおろか、ウエイトラックさえ持ってない。,誰の補助もなしに、ウェイトラックすらない自分の寝室で一人で筋トレをしています。,誰の助けもなく、ウェイトラックもない自分の部屋で一人で筋トレしている。,誰の補助もなく、ウェイトラックもない自分の寝室で一人で筋トレをしています。,0.2444,0.175,0.2429,0.4377,0.3845,0.4397,0.4897,0.5313,0.5309,0.844,0.8238,0.8261
370,ただ、プレートがたくさんついたバーベルがあるだけだ。,俺とバーベルと大量のウェイトだけ。,俺とバーベルとたくさんのウエイトだけ。,俺とバーベルとたくさんのウェイトだけ。,0.1078,0.2017,0.2017,0.2798,0.4272,0.4272,0.2413,0.2343,0.2398,0.5293,0.6148,0.5099
372,自分の1RMを測ろうと思っても、限界に達するまでのプレートがないかもしれないし、逆に大怪我をしたり、死ぬこともあるかもしれない。,自分の最大挙上重量を計算しようとすると、最大挙上できるだけの重りがなかったり、逆に重すぎて怪我をしたり、最悪の場合死んでしまうかもしれない。,自分の最大挙上重量を測ろうとしても、十分な重りがなかったり、逆に重すぎて怪我や死亡につながる可能性もある。,自分の最大挙上重量を計算しようとすると、最大挙上できるだけの重りがなかったり、逆に重すぎて怪我をするかもしれない。,0.24,0.1524,0.2123,0.524,0.3896,0.5013,0.5802,0.6501,0.4644,0.747,0.7678,0.6779
375,ブッラータチーズなんて5年前は絶対になかった。,5年前には、ブラッティーナなんて存在しなかったと誓うよ。,5年前には、ブッラータなんてなかったと思うよ。,5年前には、ブッラータなんて存在しなかったと誓うよ。,0.1764,0.374,0.3281,0.6498,0.7337,0.7242,0.5039,0.5205,0.5457,0.7103,0.8012,0.7505
379,誰かのお母さんが作ったのも見たことがないし、パーティで無理やり食べさせられたり、だれかの突拍子もないソース作りや、パンやお菓子作りのなかで見たこともない。,誰かの母親が作っているのを見たことも、パーティーで無理やり押し付けられたことも、誰かのソース作りやパン作りの日に出てきたのを見たこともなかった。,誰かの母親が作っているのを見たことも、パーティーで勧められたことも、誰かのソース作りやパン作りの際に目にしたことすらなかった。,誰かの母親が作っているのを見たことも、パーティーで無理やり勧められたことも、誰かのソース作りやパン作りの時に出てきたのを見たこともなかった。,0.3305,0.2475,0.3283,0.525,0.4961,0.519,0.5177,0.5787,0.5976,0.8409,0.827,0.8687
384,おすすめのLinuxタブレットはありますか？,Linuxタブレットで愛用しているものがある人いますか？,Linuxタブレットでおすすめはありますか？,Linuxタブレットで愛用しているものはありますか？,0.4205,0.789,0.5727,0.7024,0.9532,0.8017,0.7274,0.8939,0.7374,0.9308,0.9678,0.9506
385,ウェブを見るのが主で、メールはたまに、ゲームも少しできればいいです。,主にウェブ閲覧、たまにメール、それに少しゲームをする程度です。,主にウェブブラウジングと、時々メール、それにゲームを少しするくらいです。,主にウェブ閲覧、時々メール、そして軽いゲームが中心です。,0.1544,0.167,0.1273,0.6209,0.5604,0.5137,0.7283,0.585,0.709,0.9092,0.8862,0.9049
388,つまらないゲームは一生つまらないままだ。」,駄作は永遠に駄作。,駄作はずっと駄作だ。,駄作はずっと駄作。,0.0149,0.0309,0.0149,0.0505,0.1284,0.0505,0.3525,0.3133,0.3267,0.7502,0.7433,0.6905
389,つまり、これを最初に言ったのはエピックなのだろうか？,これってEpicがオリジナル？,これって、エピックが元祖ですか？,これってEpicが発祥なの？,0.03,0.1171,0.0377,0.1268,0.375,0.2061,0.4425,0.4482,0.5044,0.6012,0.7648,0.7189
390,先に進もう。,続けることができます。,続けましょう。,続けることができます。,0.0375,0.1313,0.0375,0.0769,0.3074,0.0769,0.6041,0.6968,0.6041,0.6925,0.8325,0.6925
391,それより前のゲームプロ1997年11月号では、もっと曖昧な表現で引用されている、,GamePro 1997年11月号の過去の記事には、もっと曖昧な引用がある。,GamePro1997年11月号の過去の記事には、より曖昧な引用が見られる。,GameProの1997年11月号の過去の記事には、さらに曖昧な引用が掲載されている。,0.3848,0.2782,0.3198,0.5179,0.5069,0.5371,0.7133,0.685,0.7202,0.9248,0.9251,0.9162
401,特に、窓が大きくなった車両がよかった。,特に窓の大きい車両。,特に窓の大きい車両はおすすめです。,特に窓の大きな車両がいいわ。,0.0635,0.0757,0.1188,0.388,0.3736,0.4822,0.6596,0.7477,0.6898,0.8622,0.9155,0.9345
402,もう少し改良したほうがいいところはある。,磨きをかけるべき箇所がいくつかあります。,改善の余地がある箇所がいくつかあります。,磨きをかけるべき箇所がいくつかあります。,0.0481,0.0599,0.0481,0.125,0.15,0.125,0.6938,0.7767,0.6938,0.8714,0.8922,0.8714
403,つまり、ゴミ箱が少なすぎるし、ライトの色の違いの意味の説明表示も十分ではない。,つまり、十分なゴミ箱の不足と、照明の色の重要性を説明する標識の不足です。,つまり、十分なごみ容器の不足と、照明の色の意味合いを説明する解説がないことです。,つまり、ゴミ箱の数が不足していることと、照明の色の意味を説明する標識がないことです。,0.1415,0.1446,0.2365,0.4784,0.4843,0.5528,0.6518,0.5953,0.6893,0.8704,0.8951,0.91
405,ICMとDDZ車両が廃止になっても残念ではない。,ICMやDDZ株が終わっても、悲しくはないだろう。,ICMやDDZの株が終わっても、別に悲しくはない。,ICMやDDZ株が終わっても、別に悲しくは思わないだろう。,0.1648,0.2171,0.1289,0.558,0.6025,0.5658,0.6167,0.5404,0.5573,0.7534,0.7161,0.7528
406,お一人様一点限りのルールは、お並び頂いた皆様に確実に行き渡るようにするためのものです。,お一人様一枚までとさせていただきます。お並びいただいた皆様がボードを入手できるよう努めております。,お一人様一枚までとさせていただきます。お並びいただいた方が皆、板を手に入れられるように努めております。,お一人様一枚までの販売とさせていただきます。お並びいただいた皆様が確実にボードを入手できるよう、努めております。,0.1857,0.1695,0.1823,0.4526,0.4247,0.5303,0.3683,0.3131,0.5121,0.7977,0.8101,0.8593
411,このような友情は、あらゆる違いも乗り越える。,そのような友情は、違いを超える。,そのような友情は、違いを乗り越える。,そのような友情は、あらゆる違いを乗り越える。,0.3905,0.5525,0.8232,0.6037,0.7383,0.9086,0.8276,0.8571,0.8727,0.8829,0.9371,0.9669
412,みな人生いろいろある。,誰にでも語るべき物語がある。,誰にでも物語がある。,誰にでも語る物語がある。,0.1057,0.1413,0.1261,0.2606,0.2701,0.2653,0.4685,0.5803,0.451,0.813,0.8652,0.7915
416,でも、言ってみればなんだかインスタンスの出だしを間違ってしまったように感じている。,なんとなく、この件は最初からつまずいてしまったような気がします。,なんとなく、最初からやり方を間違えてしまったような気がします。,なんとなく、この件は最初からつまずいてしまったような気がします。,0.1676,0.1884,0.1676,0.3003,0.3512,0.3003,0.4516,0.6264,0.4516,0.814,0.8383,0.814
418,もうしばらくこの環境で様子をみて、完全に移行すべきか検討したい。,もう少しここに残って、そもそも移行すべきかどうかを考えます。,もう少しここに残って、そもそも移行するかどうかを考えます。,もう少しここに残って、移行すべきかどうかをもう少し検討します。,0.1957,0.0741,0.2306,0.3509,0.2859,0.4807,0.4736,0.433,0.5108,0.8662,0.8468,0.8845
423,Repnidsは地下にトンネルを掘っていて、地下の洞窟にいる荒れ狂う数百のRepnidsの集団の中に落ちてしまう。,レプニドたちは地表の下にトンネルを掘り、あなたは下の洞窟で数百ものレプニドの体が煮えたぎる塊の中に落ちてしまう。,レプニドは地中を掘り進み、下の洞窟で煮えたぎるように蠢く数百ものレプニドの塊に、あなたは落ちてしまう。,レプニドは地表の下にトンネルを掘っており、あなたは下の洞窟で煮えたぎる数百ものレプニドの塊の中に落ちてしまう。,0.343,0.1818,0.3806,0.5104,0.3852,0.5445,0.5093,0.293,0.5109,0.7514,0.6874,0.7881
424,数組の牙が致命的な毒を注入し、Dyskraの空気が肺を汚染して、すぐに終わりはやってくる。,終わりは唐突に訪れる。幾つもの牙が猛毒を注入し、ディスクラの空気が肺を蝕む。,終わりは瞬く間に訪れ、幾つもの牙が猛毒を注入すると同時に、ディスクラの瘴気が肺を蝕む。,終わりは唐突に訪れ、幾つもの牙が猛毒を注入すると同時に、ディスクラの空気が肺を蝕む。,0.2925,0.1964,0.2477,0.4796,0.4769,0.4934,0.6554,0.6267,0.6177,0.8156,0.8171,0.8188
425,あなたが人類初の未来旅行者であったことを知る者はいないだろう。,あなたが人類初の未来旅行者だったことは、誰にも知られることはないだろう。,あなたが人類初の未来旅行者だったなんて、誰も知らないだろう。,あなたが人類初の未来旅行者だったことは、誰にも知られることはないだろう。,0.5439,0.5662,0.5439,0.8083,0.7005,0.8083,0.8354,0.839,0.8354,0.9546,0.9638,0.9546
426,スクラップ置き場に機首を向けて着陸し、降機する。,あなたは鉱滓山の斜面に機首を上にして着陸し、降りる。,あなたは鉱滓山の側面に機首を上にして着陸し、降りる。,あなたは鉱滓山の斜面に機首を上にして着陸し、機体から出る。,0.2915,0.2915,0.2242,0.4779,0.4779,0.4721,0.3554,0.3537,0.2863,0.7532,0.7619,0.7396
427,赤土の上に着陸するのを八つ目のRepnidsが見ているような気がするが、こちらに近づいてくることはなく、実際、ゆっくり歩み寄ってもじっとしている。,八つの目を持つレプニドたちは見ているようだが、こちらに向かってくる気配はない。実際、ゆっくりと近づいても、彼らは微動だにしない。,"восьмиглазые репниды, кажется, следят за вами, но никак не двигаются к вам, в сущности, они неподвижны, когда вы медленно приближаетесь к ним.",八つの目を持つレプニドたちは見ているようだが、こちらに向かってくる様子はない。実際、ゆっくりと近づいていくと、彼らは微動だにしない。,0.29,0.0,0.2909,0.4214,0.0,0.3895,0.4133,0.4066,0.4032,0.857,0.5171,0.8632
429,ユニバーサル・トランスレーターが応答しないので、彼らは理解するどころか聞こえもしないようだ。,どうやら、ユニバーサル翻訳機は応答を拾っていないため、彼らはあなたの声が聞こえないどころか、理解もできないようです。,ユニバーサル翻訳機が応答を拾わないため、彼らにはあなたの声が聞こえず、理解もできないようだ。,どうやらユニバーサル翻訳機が応答を拾っていないようなので、彼らにはあなたの声が聞こえないどころか、理解もできないようだ。,0.2525,0.3063,0.3059,0.6091,0.5775,0.6187,0.6574,0.6365,0.6482,0.8792,0.8724,0.8811
430,サイキック・アウェアネスを使って、心理的にコンタクトをとることにする。,念動力を使って、精神的に彼らと交信することにした。,精神感応で、彼らに精神的に交信することにした。,念力を使って、精神的に彼らと交信することにした。,0.1883,0.0851,0.1855,0.386,0.2434,0.3872,0.4808,0.3724,0.4511,0.7933,0.6624,0.7851
436,#today コーヒーと太陽の光と静かな時間を過ごしてます！,今日 は コーヒー と 日光 と 静かな 時間！,今日はコーヒーを飲みながら、日差しを浴びて、静かな時間を楽しんでいます。,今日はコーヒーと日光と静かな時間！,0.2838,0.2151,0.2838,0.4318,0.4471,0.4502,0.6155,0.7166,0.6704,0.9191,0.8765,0.9397
439,紡ぎムラのあるシルバーグレーの毛糸をみつけたんだけど、ほとんどは細く紡がれていてツブツブがあるんです。,撚りの甘い箇所や塊のある、細撚りの銀灰色の糸を見つけました。,撚りの甘い箇所や塊のある、細い銀灰色の糸を見つけました。,撚りの甘い箇所や塊のある、細撚りの銀灰色の糸を見つけました。,0.0394,0.0375,0.0394,0.1853,0.1861,0.1853,0.3679,0.3356,0.3679,0.6602,0.6231,0.6602
441,でも、紫色のは足りるかどうか。,紫の色が十分にあるかどうか、自信がありません。,紫が足りるかどうか、自信がありません。,紫の色が十分に足りているか、自信がありません。,0.1877,0.337,0.057,0.6065,0.5792,0.2848,0.5186,0.596,0.6141,0.8914,0.9073,0.9158
446,本当に一生懸命やってみたけど、どの単位も全部落とした。,すべて、文字通り試してはやめた。,ありとあらゆるものを試してはやめた。,文字通り、全部試して、全部やめた。,0.0324,0.0368,0.0427,0.1646,0.2038,0.2428,0.3485,0.3873,0.5252,0.6171,0.6274,0.6727
447,２年くらい前までまったくわからず、成績表を見て気づいた。,そして、2年くらい前までは、成績証明書を確認するまで全く知りませんでした。,2年くらい前までは、成績を見るまで全く知りませんでした。,そして2年ほど前まで、成績証明書を見るまで全く知りませんでした。,0.2161,0.2973,0.0993,0.4369,0.4786,0.4031,0.7021,0.7334,0.6797,0.8933,0.8915,0.887
448,文学の授業はますます嫌いになったけれど、本を読むことは大好きだ。,文学の授業嫌いはもっとひどい。読むのは大好きなのに。,国語の授業はもっと嫌いだ。読むのは大好きなのに。,文学の授業嫌いの方がもっとひどい。読むのは大好きなのに。,0.2338,0.1913,0.233,0.5277,0.5111,0.505,0.6083,0.5493,0.609,0.8684,0.8824,0.8372
450,私の家は居心地がよくて素晴らしいし、家にいるのが好きだけど、日中に罪悪感なく小説が読めるぐらい落ち着くためにはどこか他の場所に行かなくちゃいけない。,私の家は快適で素晴らしいし、そこで幸せに過ごしているけれど、罪悪感を感じずに日中に小説を読むほどリラックスするには、どこか別の場所にいなければならない。,私の家は快適で素晴らしいし、そこで幸せに過ごしているけれど、罪悪感なく日中に小説を読むほどリラックスするには、どこか別の場所に行く必要がある。,私の家は快適で素晴らしいし、そこで幸せに過ごしているけれど、罪悪感を感じずに日中に小説を読んでリラックスするには、どこか別の場所にいなければならない。,0.231,0.2693,0.2342,0.4974,0.4741,0.4981,0.6605,0.704,0.6675,0.9277,0.9247,0.93
451,休暇中みたいな感じなので、人が休みの日にすることをしている。,まるで休暇中で、だから休暇中にするようなことをしている、という感じです。,"まるで休暇 में いる みたい で, 休暇 中 に する こと を し てる ような もの だ よ.",まるで休暇中で、休暇中にするようなことをしている、という感じです。,0.2658,0.2956,0.2911,0.5042,0.396,0.5092,0.6136,0.5175,0.6504,0.877,0.9028,0.8481
452,この二晩、ここでは家にいるときのように良く眠れなかったし、自分のペースを保ちづらく、どこに何があるか良くわからない見知らぬ環境にいるというだけで、少し#慢性疲労症候群の症状が出てしまった。,ここ2晩は家ほどよく眠れていないし、慣れない環境にいるだけで自分のペース配分が難しくなり、物の場所も覚えなければならないので、少し#MECFS（筋痛性脳脊髄炎/慢性疲労症候群）の症状が出てしまっているにも関わらず、そうなっているんだ。,ここ2晩は家ほどよく眠れていない上、慣れない環境にいるだけでペース配分が難しく、物の場所も覚えなければならないため、#MECFS（筋痛性脳脊髄炎/慢性疲労症候群）の症状が少し出ている。,ここ2晩は家ほどよく眠れていないし、慣れない環境にいるだけで自分のペース配分が難しくなり、物の場所も覚えなければならないので、少し#MECFS（筋痛性脳脊髄炎/慢性疲労症候群）の症状が出てしまっているにも関わらず、そうなっているんだ。,0.2793,0.2121,0.2793,0.5597,0.4673,0.5597,0.4863,0.5173,0.4863,0.734,0.7581,0.734
455,ワクワクしたり、イライラしたり、ストレスも感じるけど、ゲーム作りのいいところばかりだ。,ゲーム業界で働くことの、ワクワク感、緊張感、ストレス、そして私が愛するすべての良いものが詰まっている。,ゲーム制作の、ワクワク感や緊張感、ストレス、そして何より私が好きなところばかりだ。,ゲーム業界で働くのは、わくわくするし、 нервозность するし、ストレスも溜まるけれど、それら全てを含めて、私がこの仕事に惚れ込んでいる理由なんだ。,0.1596,0.3442,0.1006,0.4811,0.6095,0.3847,0.5229,0.7045,0.3743,0.8629,0.8891,0.7979
458,ゲームのユーザー生成コンテンツの部分で、コミュニティは活発になるだろうか。,ゲームのユーザー生成コンテンツ作品を中心にコミュニティは形成されるだろうか？,ゲームのユーザー生成コンテンツを中心にコミュニティは形成されるだろうか？,ゲームのユーザー生成コンテンツを中心にコミュニティは育つだろうか？,0.6154,0.6332,0.6032,0.7459,0.75,0.7337,0.7666,0.7842,0.78,0.9321,0.9415,0.9418
466,やっと#ハートストッパーを見たよ,ついに#Heartstopper 見た。,ついに#Heartstopperを見ました。,ついに#Heartstopperを観た。,0.0448,0.0411,0.0252,0.1558,0.1901,0.0915,0.738,0.7448,0.8614,0.7578,0.7499,0.7521
467,あまりにキュートすぎてキュン死しそうになったよね？,甘すぎて、トゥイーって感じだった？,可愛すぎて、わざとらしかったかな？,甘すぎて、可愛すぎるって感じかな？,0.0752,0.0752,0.0632,0.2608,0.2902,0.1762,0.5026,0.4994,0.5906,0.5528,0.6434,0.7269
471,でもおもしろかった？,私はそれを愛したか？,私はそれを愛したか？,私はそれが好きだったかな。,0.0593,0.0593,0.0684,0.2,0.2,0.2481,0.3293,0.3293,0.6432,0.8011,0.8011,0.8108
476,伝わり方がまずかったせいもある。,教え方が悪かったから。,教え方が下手だったせいもある。,教え方が悪かったということも一部にはあるだろう。,0.1165,0.4867,0.0941,0.3297,0.6264,0.531,0.6782,0.7985,0.6948,0.8314,0.8861,0.8482
477,ただ、製作途中でやり方を変えなきゃいけないときとかは特に、言い訳しないで問題点をすぐ修正することは大切だ。,しかし、問題について言い訳をせずに、ただ解決することが重要です。特に、リードから変更の要求があった場合のプロダクション環境では。,しかし、問題について言い訳をせずに解決することが重要です。特にリードが変更を求めているプロダクション環境では。,しかし、問題について言い訳をせずに、修正することが重要です。特に、リードから変更の要求があった場合のプロダクション環境では。,0.0876,0.0886,0.1367,0.3438,0.3392,0.3726,0.5324,0.5222,0.5086,0.8705,0.861,0.881
479,どんなアーティストも通る道だし、みんな同じような間違いをしている。,どのアーティストも経験したことがある、同じ過ちを犯したことがある。,どのアーティストも、同じ過ちを経験している。,どのアーティストも、同じような間違いをしたことがあるはずだ。,0.2294,0.2884,0.4683,0.4769,0.5212,0.6498,0.4885,0.6628,0.7209,0.8972,0.9248,0.9442
484,良い人たちが種を植えたり（適当にばらまくのではなく）土を耕したりする様子を見てみるといい。,良い人たちによって種が蒔かれ、育てられるのを見る（ただランダムにばらまかれるのではなく）。,良い人たちが種を播き、育てる様子を見る（ただランダムにばらまくのではなく）。,良い人たちによって種が蒔かれ、きちんと育てられるのを見る（ただ無作為にばらまかれるのではなく）。,0.2647,0.4591,0.25,0.4827,0.6251,0.4937,0.5482,0.6152,0.5733,0.8474,0.898,0.858
488,ジェイミーは勤務シフトに入るちょっと前、小道ですれ違ったときに、彼にこっそりとメモを渡した。,ジャミは犬の番の直前、小道ですれ違う時に彼にそっとメモを渡した。,ジャミは、当直の交代直前、小道ですれ違いざまに彼にそっとメモを渡した。,ジャミは犬の番が始まる直前、小道ですれ違いざまに彼にそっとメモを渡した。,0.3104,0.3229,0.3251,0.5122,0.526,0.5248,0.3835,0.4264,0.3909,0.8688,0.839,0.8279
